{"organisation":"AU_Govt_ABS","name":"abs_data_by_region_family_and_community_asgs_sa4_2011_2018","title":"ABS - Data by Region - Family & Community (SA4) 2011-2018","legal":{"copyrightYear":"2020","attributionYear":"2020","attribution":"{datasource.organisationTitle}, ({dataset.attributionYear}): {dataset.title}; accessed from SUDO on {dateOfAccess}.","clickthrough":false,"licenceType":"Creative Commons Attribution 4.0 International (CC BY 4.0)","copyrightNotice":"&copy; {datasource.organisationTitle} {dataset.copyrightYear}"},"referenceSystemIdentifier":"urn:x-ogc:def:crs:EPSG:4283","geoLevel":"sa4_2016","key":"sa4_code_2016","keyRegex":null,"availability":"true","geomField":"geometry","keyword":"Housing,Demographics,Economic","theme":"","temporalExtent":{"beginDate":"2011-01-01T00:00:00","endDate":"2018-12-31T00:00:00","selectTime":false},"type":"dataset","_id":"dataset-AU_Govt_ABS-abs_data_by_region_family_and_community_asgs_sa4_2011_2018-sa4_2016","bbox":[96.82,-43.74,168,-9.14],"abstract":"This dataset presents data on family and community available from the ABS Data by Region statistics. This release of Data by Region presents various data for 2011-2018 and Census of Population and Housing data for 2011 and 2016 and is based on the Statistical Area 4 (SA4) 2016 boundaries. The dataset includes information in the following specified areas of family and community: Gifts/Donations Reported by Taxpayers, Method of Travel to Work, Households, Families, Count of All Children in Family, Social Marital Status & Registered Marital Status, Unpaid Work, Access to Internet at Home, Housing Suitability, Dwelling Structure, Tenure Type, Rent and Mortgage Payments, Housing Stress, Commuting to Work and Socio Economic Indexes of Areas (SEIFA).<br/><br/>\n\nData by Region contains a standard set of data for each region type, depending on the availability of statistics for particular geographies. Data are sourced from a wide variety of collections, both ABS and non-ABS. When analysing these statistics, care needs to be taken as time periods, definitions, methodologies, scope and coverage can differ across collections. Where available, data have been presented as a time series - to enable users to assess changes over time. However, when looked at on a period to period basis, some series may sometimes appear volatile. When analysing the data, users are encouraged to consider the longer term behaviour of the series, where this extra information is available.<br/><br/>\n\nFor more information please visit the <a href=\"https://www.abs.gov.au/AUSSTATS/abs@.nsf/Lookup/1410.0Explanatory%20Notes12014-19?OpenDocument\" target=\"_blank\">Explanatory Notes</a>.<br/><br/> SUDO has made the following changes to the original data:\n<ul><li>Spatially enabled the <a href=\"https://www.abs.gov.au/AUSSTATS/abs@.nsf/DetailsPage/1410.02014-19?OpenDocument\" target=\"_blank\">original data</a> with the <a href=\"https://www.abs.gov.au/AUSSTATS/abs@.nsf/Lookup/1270.0.55.001Main+Features10018July%202016?OpenDocument\" target=\"_blank\">ABS Australian Statistical Geography Standard (ASGS) SA4 2016 dataset</a>.</li><li>Some data values in Data by Region have been randomly adjusted or suppressed to avoid the release of confidential details.</li><li>Where data was not available, not available for publication, nil or rounded to zero in the original data, it has been set to null.</li><li>Columns and rows that did not contain any values in the original data have been removed.</li></ul>","selectedAttributes":[{"name":"yr","type":"Integer","title":"Year","description":"Year.","stype":"nominal","categories":[{"key":"2011","label":"2011"},{"key":"2014","label":"2014"},{"key":"2015","label":"2015"},{"key":"2016","label":"2016"},{"key":"2017","label":"2017"},{"key":"2018","label":"2018"}],"filterValue":"2011","isDimension":true},{"name":"sa4_code_2016","type":"String","title":"SA4 Code","description":"SA4 Code (ASGS 2016).","stype":"nominal","isDimension":false},{"name":"rnt_mrtgge_pymnts_cnss_avrge_mnthly_hshld_rntl_pymnt","type":"Integer","title":"Rent and Mortgage Payments - Census Average monthly household rental payment ($)","description":"Rent and Mortgage Payments - Census Average monthly household rental payment ($).","stype":"nominal","isDimension":false},{"name":"rent_mortgage_payments_census_average_monthly_household_payment","type":"Integer","title":"Rent and Mortgage Payments - Census Average monthly household mortgage payment ($)","description":"Rent and Mortgage Payments - Census Average monthly household mortgage payment ($).","stype":"nominal","isDimension":false},{"name":"hsng_stblty_occpd_prvte_dwllngs_cnss_bdrms_ndd_spre_nm","type":"Integer","title":"Housing Suitability - Occupied private dwellings - Census Dwellings with no bedrooms needed or spare (no.)","description":"Housing Suitability - Occupied private dwellings - Census Dwellings with no bedrooms needed or spare (no.).","stype":"nominal","isDimension":false},{"name":"hsng_stblty_occpd_prvte_dwllngs_cnss_extra_bdrms_ndd_nm","type":"Integer","title":"Housing Suitability - Occupied private dwellings - Census Dwellings with extra bedrooms needed (no.)","description":"Housing Suitability - Occupied private dwellings - Census Dwellings with extra bedrooms needed (no.).","stype":"nominal","isDimension":false},{"name":"hsng_stblty_occpd_prvte_dwllngs_cnss_bdrms_spre_nm","type":"Integer","title":"Housing Suitability - Occupied private dwellings - Census Dwellings with bedrooms spare (no.)","description":"Housing Suitability - Occupied private dwellings - Census Dwellings with bedrooms spare (no.).","stype":"nominal","isDimension":false},{"name":"hshld_strss_cnss_hshlds_rnt_pymnts_grtr_eql_30pc_incme_pc","type":"Double","title":"Household Stress - Census Households with rent payments greater than or equal to 30% of household income (%)","description":"Household Stress - Census Households with rent payments greater than or equal to 30% of household income (%).","stype":"nominal","isDimension":false},{"name":"hshld_strss_cnss_hshlds_mrtgge_rpymnts_grtr_eql_30pc_incme_pc","type":"Double","title":"Household Stress - Census Households with mortgage repayments greater than or equal to 30% of household income (%)","description":"Household Stress - Census Households with mortgage repayments greater than or equal to 30% of household income (%).","stype":"nominal","isDimension":false},{"name":"hshld_strss_cnss_hshlds_rnt_pymnts_lss_30pc_incme_pc","type":"Double","title":"Household Stress - Census Households where rent payments are less than 30% of household income (%)","description":"Household Stress - Census Households where rent payments are less than 30% of household income (%).","stype":"nominal","isDimension":false},{"name":"hshld_strss_cnss_hshlds_mrtgge_rpymnts_lss_30pc_incme_pc","type":"Double","title":"Household Stress - Census Households where mortgage repayments are less than 30% of household income (%)","description":"Household Stress - Census Households where mortgage repayments are less than 30% of household income (%).","stype":"nominal","isDimension":false}],"filter":{"filterType":"tabular","where":"(yr IN ('2011'))","feature":{"key":"sa4_code_2016","geoLevel":"sa4_2016","geoField":"ignored","year":"2006","featureBbox":[96.81676569599999,-43.740509603,159.109219008,-9.142175977],"featureType":"country","featureInstance":"au","featureName":"Australia","referenceSystemIdentifier":"urn:x-ogc:def:crs:EPSG:4283","prefix":"","keyTransform":null},"states":[]}}