,Year,SA4 Code,Household Stress - Census Households with rent payments greater than or equal to 30% of household income (%),Rent and Mortgage Payments - Census Average monthly household mortgage payment ($),Rent and Mortgage Payments - Census Average monthly household rental payment ($),Housing Suitability - Occupied private dwellings - Census Dwellings with extra bedrooms needed (no.),Household Stress - Census Households with mortgage repayments greater than or equal to 30% of household income (%),Building Approvals - Year ended 30 June Value of residential building ($m),Building Approvals - Year ended 30 June Private sector dwellings excluding houses (no.),Building Approvals - Year ended 30 June Total private sector dwelling units (no.),Building Approvals - Year ended 30 June Total value of private sector dwelling units ($m),Building Approvals - Year ended 30 June Private sector houses (no.),Building Approvals - Year ended 30 June Total dwelling units (no.),Building Approvals - Year ended 30 June Value of private sector houses ($m),Building Approvals - Year ended 30 June Value of private sector dwellings excluding houses ($m),SA4 Name,Value of New Other Residential Building ($000),Total Dwelling Number,Number of New Houses,Number of New Other Residential Buildings,Value of Total Residential Buildings ($000),Value of Alterations ($000),Value of New Houses ($000),SA4 Name 2011,Average number of Persons per bedroom,Median total family income weekly,Median total household income weekly,Median age of persons,Median total personal income weekly,Average household size,Median rent weekly,Median mortgage repayment monthly,Estimates of Personal Income - Year ended 30 June Total income (excl. Government pensions and allowances) - Gini coefficient,Estimates of Personal Income - Year ended 30 June Mean employee income ($),Gross Capital Gains reported by taxpayers - Year ended 30 June Gross Capital Gains reported by taxpayers - Mean ($),Estimates of Personal Income - Year ended 30 June Mean investment income ($),Estimates of Personal Income - Year ended 30 June Median employee income ($),Gross Capital Gains reported by taxpayers - Year ended 30 June Gross Capital Gains reported by taxpayers  - Median ($),Estimates of Personal Income - Year ended 30 June Median investment income ($),State and Territory Id,House Median Sales Price,House No of Transactions,Attached dwellings Median Sales Price,Attached dwellings No of Transactions,City
15,2011,116,10.8,2168.0,1232.0,,14.8,,,,,,,,,Sydney - Blacktown,47355.8,1421.0,1112.0,308.0,342970.9,17417.2,278197.9,Sydney - Blacktown,1.1,1493.0,1388.0,32.0,566.0,3.1,300.0,2100.0,,,,,,,,1,,,,,Sydney
16,2011,117,21.9,2669.0,1811.0,,8.9,,,,,,,,,Sydney - City and Inner South,957933.4,3690.0,103.0,3462.0,1106015.5,116926.4,31155.7,Sydney - City and Inner South,1.2,2039.0,1569.0,33.0,797.0,2.1,430.0,2500.0,,,,,,,,1,,,,,Sydney
17,2011,118,17.6,2959.0,1963.0,,9.0,,,,,,,,,Sydney - Eastern Suburbs,102955.4,639.0,346.0,276.0,499475.1,189013.4,207506.4,Sydney - Eastern Suburbs,1.2,2368.0,1806.0,35.0,869.0,2.3,470.0,2817.0,,,,,,,,1,,,,,Sydney
18,2011,119,14.0,2265.0,1413.0,,12.8,,,,,,,,,Sydney - Inner South West,420614.2,2398.0,684.0,1685.0,720628.7,81274.6,218739.9,Sydney - Inner South West,1.2,1315.0,1169.0,36.0,484.0,2.8,335.0,2127.0,,,,,,,,1,,,,,Sydney
19,2011,120,14.4,2691.0,1790.0,,10.4,,,,,,,,,Sydney - Inner West,519001.3,2322.0,182.0,2128.0,705990.4,95204.7,91784.3,Sydney - Inner West,1.2,1985.0,1662.0,36.0,723.0,2.5,415.0,2500.0,,,,,,,,1,,,,,Sydney
20,2011,121,11.1,2893.0,2006.0,,10.9,,,,,,,,,Sydney - North Sydney and Hornsby,501672.4,2037.0,360.0,1640.0,1017323.2,318091.1,197559.8,Sydney - North Sydney and Hornsby,1.1,2558.0,2111.0,38.0,897.0,2.6,466.0,2708.0,,,,,,,,1,,,,,Sydney
22,2011,123,8.9,2062.0,1167.0,,14.5,,,,,,,,,Sydney - Outer South West,53105.2,1403.0,1053.0,277.0,356212.6,29896.6,273210.9,Sydney - Outer South West,1.1,1543.0,1389.0,34.0,591.0,3.0,277.0,1980.0,,,,,,,,1,,,,,Sydney
26,2011,127,13.2,2095.0,1225.0,,15.0,,,,,,,,,Sydney - South West,82347.1,1885.0,1380.0,485.0,453477.1,21597.7,349532.3,Sydney - South West,1.2,1235.0,1171.0,34.0,426.0,3.2,290.0,2000.0,,,,,,,,1,,,,,Sydney
27,2011,128,7.7,2538.0,1595.0,,12.5,,,,,,,,,Sydney - Sutherland,23110.0,352.0,265.0,77.0,186510.6,62300.9,101099.8,Sydney - Sutherland,1.1,2013.0,1672.0,39.0,718.0,2.7,370.0,2400.0,,,,,,,,1,,,,,Sydney
33,2011,206,17.1,2383.0,1573.0,,7.0,,,,,,,,,Melbourne - Inner,2810011.8,10875.0,502.0,10107.0,3603978.2,524014.6,269951.8,Melbourne - Inner,1.2,2070.0,1506.0,33.0,796.0,2.1,356.0,2167.0,,,,,,,,2,,,,,Melbourne
34,2011,207,8.7,2403.0,1546.0,,8.5,,,,,,,,,Melbourne - Inner East,358976.2,2139.0,850.0,1279.0,1067121.9,249930.8,458215.0,Melbourne - Inner East,1.1,1983.0,1561.0,39.0,636.0,2.6,350.0,2167.0,,,,,,,,2,,,,,Melbourne
35,2011,208,9.7,2356.0,1488.0,,9.6,,,,,,,,,Melbourne - Inner South,582095.9,2851.0,869.0,1930.0,1248722.4,270365.6,396260.9,Melbourne - Inner South,1.1,1995.0,1491.0,39.0,691.0,2.5,330.0,2167.0,,,,,,,,2,,,,,Melbourne
36,2011,209,7.9,1966.0,1245.0,,11.8,,,,,,,,,Melbourne - North East,235737.3,4921.0,3547.0,1316.0,1232970.2,119834.9,877398.0,Melbourne - North East,1.1,1527.0,1323.0,36.0,558.0,2.8,300.0,1855.0,,,,,,,,2,,,,,Melbourne
37,2011,210,7.7,1852.0,1199.0,,13.2,,,,,,,,,Melbourne - North West,170236.4,2922.0,1912.0,1003.0,698497.8,53411.5,474849.9,Melbourne - North West,1.1,1366.0,1210.0,36.0,499.0,2.9,290.0,1733.0,,,,,,,,2,,,,,Melbourne
38,2011,211,6.2,1841.0,1225.0,,11.6,,,,,,,,,Melbourne - Outer East,124877.0,2051.0,1388.0,646.0,632821.2,131793.2,376151.0,Melbourne - Outer East,1.1,1599.0,1353.0,38.0,596.0,2.7,295.0,1733.0,,,,,,,,2,,,,,Melbourne
39,2011,212,8.8,1856.0,1249.0,,13.1,,,,,,,,,Melbourne - South East,229650.5,5705.0,4576.0,1106.0,1425611.8,90036.9,1105924.2,Melbourne - South East,1.1,1377.0,1232.0,35.0,516.0,2.9,290.0,1733.0,,,,,,,,2,,,,,Melbourne
105,2012,116,,,,,,,,,,,,,,Sydney - Blacktown,114005.1,2192.0,1474.0,691.0,484373.6,20849.7,349518.9,Sydney - Blacktown,,,,,,,,,,,,,,,,1,,,,,Sydney
106,2012,117,,,,,,,,,,,,,,Sydney - City and Inner South,1197879.8,4493.0,104.0,4181.0,1350982.1,123404.0,29698.3,Sydney - City and Inner South,,,,,,,,,,,,,,,,1,,,,,Sydney
107,2012,118,,,,,,,,,,,,,,Sydney - Eastern Suburbs,253866.3,1262.0,393.0,756.0,696664.0,210833.5,231964.2,Sydney - Eastern Suburbs,,,,,,,,,,,,,,,,1,,,,,Sydney
108,2012,119,,,,,,,,,,,,,,Sydney - Inner South West,477236.9,2860.0,632.0,2173.0,750568.3,85495.3,187836.1,Sydney - Inner South West,,,,,,,,,,,,,,,,1,,,,,Sydney
109,2012,120,,,,,,,,,,,,,,Sydney - Inner West,566680.9,2089.0,85.0,2003.0,685011.0,80051.0,38279.1,Sydney - Inner West,,,,,,,,,,,,,,,,1,,,,,Sydney
110,2012,121,,,,,,,,,,,,,,Sydney - North Sydney and Hornsby,397724.2,2082.0,436.0,1585.0,940255.5,301928.6,240602.8,Sydney - North Sydney and Hornsby,,,,,,,,,,,,,,,,1,,,,,Sydney
112,2012,123,,,,,,,,,,,,,,Sydney - Outer South West,92263.8,1758.0,1178.0,566.0,429377.2,27918.5,309194.9,Sydney - Outer South West,,,,,,,,,,,,,,,,1,,,,,Sydney
116,2012,127,,,,,,,,,,,,,,Sydney - South West,88951.3,2474.0,2077.0,358.0,612355.8,19108.5,504296.0,Sydney - South West,,,,,,,,,,,,,,,,1,,,,,Sydney
117,2012,128,,,,,,,,,,,,,,Sydney - Sutherland,85237.6,608.0,277.0,324.0,261269.7,64124.8,111907.3,Sydney - Sutherland,,,,,,,,,,,,,,,,1,,,,,Sydney
123,2012,206,,,,,,,,,,,,,,Melbourne - Inner,2037384.5,8370.0,548.0,7154.0,2932702.2,623318.6,271999.1,Melbourne - Inner,,,,,,,,,,,,,,,,2,,,,,Melbourne
124,2012,207,,,,,,,,,,,,,,Melbourne - Inner East,478814.4,2626.0,817.0,1786.0,1172159.6,246895.6,446449.6,Melbourne - Inner East,,,,,,,,,,,,,,,,2,,,,,Melbourne
125,2012,208,,,,,,,,,,,,,,Melbourne - Inner South,606296.3,2825.0,715.0,2092.0,1174235.1,223005.8,344933.0,Melbourne - Inner South,,,,,,,,,,,,,,,,2,,,,,Melbourne
126,2012,209,,,,,,,,,,,,,,Melbourne - North East,293185.5,4751.0,3239.0,1489.0,1192121.2,112646.4,786289.4,Melbourne - North East,,,,,,,,,,,,,,,,2,,,,,Melbourne
127,2012,210,,,,,,,,,,,,,,Melbourne - North West,204011.9,3413.0,2180.0,1212.0,803171.6,60564.9,538594.8,Melbourne - North West,,,,,,,,,,,,,,,,2,,,,,Melbourne
128,2012,211,,,,,,,,,,,,,,Melbourne - Outer East,204655.4,2201.0,1258.0,921.0,677566.2,123108.5,349802.3,Melbourne - Outer East,,,,,,,,,,,,,,,,2,,,,,Melbourne
129,2012,212,,,,,,,,,,,,,,Melbourne - South East,240490.0,5518.0,4172.0,1320.0,1373365.0,86737.4,1046137.6,Melbourne - South East,,,,,,,,,,,,,,,,2,,,,,Melbourne
192,2013,116,,,,,,,,,,,,,,Sydney - Blacktown,187346.4,2856.0,1647.0,1152.0,598040.9,22574.3,388120.2,Sydney - Blacktown,,,,,,,,,,,,,,,,1,435000.0,4105.0,338000.0,1231.0,Sydney
193,2013,117,,,,,,,,,,,,,,Sydney - City and Inner South,1293193.8,4890.0,92.0,4697.0,1427509.8,108242.2,26073.8,Sydney - City and Inner South,,,,,,,,,,,,,,,,1,860000.0,1593.0,605000.0,6255.0,Sydney
194,2013,118,,,,,,,,,,,,,,Sydney - Eastern Suburbs,388677.9,1508.0,416.0,1024.0,833452.1,208734.3,236040.0,Sydney - Eastern Suburbs,,,,,,,,,,,,,,,,1,1550000.0,1890.0,662000.0,3475.0,Sydney
195,2013,119,,,,,,,,,,,,,,Sydney - Inner South West,1197873.4,5780.0,858.0,4861.0,1537478.4,95545.3,244059.7,Sydney - Inner South West,,,,,,,,,,,,,,,,1,685000.0,4456.0,450000.0,4952.0,Sydney
196,2013,120,,,,,,,,,,,,,,Sydney - Inner West,483372.6,1793.0,134.0,1620.0,666581.6,117481.9,65727.1,Sydney - Inner West,,,,,,,,,,,,,,,,1,1005500.0,2230.0,566500.0,3908.0,Sydney
197,2013,121,,,,,,,,,,,,,,Sydney - North Sydney and Hornsby,1100741.8,4406.0,439.0,3767.0,1670643.1,342252.7,227648.7,Sydney - North Sydney and Hornsby,,,,,,,,,,,,,,,,1,1210000.0,3781.0,635000.0,5057.0,Sydney
199,2013,123,,,,,,,,,,,,,,Sydney - Outer South West,84828.9,2050.0,1613.0,428.0,547722.3,31111.7,431781.7,Sydney - Outer South West,,,,,,,,,,,,,,,,1,400000.0,3406.0,285000.0,664.0,Sydney
203,2013,127,,,,,,,,,,,,,,Sydney - South West,271989.3,3679.0,2376.0,1274.0,897517.8,20720.3,604808.2,Sydney - South West,,,,,,,,,,,,,,,,1,480150.0,3673.0,300000.0,1289.0,Sydney
204,2013,128,,,,,,,,,,,,,,Sydney - Sutherland,110862.2,664.0,353.0,299.0,316482.5,65926.3,139693.9,Sydney - Sutherland,,,,,,,,,,,,,,,,1,771000.0,2010.0,491500.0,2020.0,Sydney
210,2013,206,,,,,,,,,,,,,,Melbourne - Inner,3347206.0,12042.0,628.0,11264.0,4160523.8,526079.5,287238.2,Melbourne - Inner,,,,,,,,,,,,,,,,2,771500.0,5108.0,495000.0,10057.0,Melbourne
211,2013,207,,,,,,,,,,,,,,Melbourne - Inner East,626537.3,3359.0,1039.0,2312.0,1494136.2,242654.8,624944.2,Melbourne - Inner East,,,,,,,,,,,,,,,,2,898000.0,4176.0,530000.0,2457.0,Melbourne
212,2013,208,,,,,,,,,,,,,,Melbourne - Inner South,516769.8,2804.0,827.0,1940.0,1191598.2,257962.0,416866.4,Melbourne - Inner South,,,,,,,,,,,,,,,,2,810000.0,4381.0,500000.0,3618.0,Melbourne
213,2013,209,,,,,,,,,,,,,,Melbourne - North East,277774.9,4635.0,3077.0,1543.0,1178719.0,117043.8,783900.3,Melbourne - North East,,,,,,,,,,,,,,,,2,470000.0,5543.0,385000.0,1666.0,Melbourne
214,2013,210,,,,,,,,,,,,,,Melbourne - North West,238618.9,3703.0,2363.0,1315.0,884330.6,58446.8,587264.9,Melbourne - North West,,,,,,,,,,,,,,,,2,410000.0,4495.0,364750.0,906.0,Melbourne
215,2013,211,,,,,,,,,,,,,,Melbourne - Outer East,282218.4,2861.0,1598.0,1246.0,837137.7,125981.1,428938.2,Melbourne - Outer East,,,,,,,,,,,,,,,,2,480000.0,6819.0,380000.0,2087.0,Melbourne
216,2013,212,,,,,,,,,,,,,,Melbourne - South East,393195.6,6956.0,5073.0,1860.0,1769123.5,97448.8,1278479.0,Melbourne - South East,,,,,,,,,,,,,,,,2,420000.0,9109.0,357500.0,2373.0,Melbourne
280,2014,116,,,,,,606.0,1166.0,2862.0,599.0,1696.0,2876.0,414.0,185.0,Sydney - Blacktown,155104.7,3449.0,2485.0,921.0,815276.5,42152.7,618019.1,Sydney - Blacktown,,,,,,,,,0.385,52960.0,25518.0,1754.0,48804.0,3031.0,153.0,1,510300.0,4663.0,390500.0,1271.0,Sydney
281,2014,117,,,,,,1502.0,4992.0,5096.0,1472.0,104.0,5096.0,98.0,1374.0,Sydney - City and Inner South,1798469.2,6044.0,116.0,5770.0,2000748.9,168627.5,33652.0,Sydney - City and Inner South,,,,,,,,,0.5,61349.0,57504.0,8809.0,47593.0,3016.0,311.0,1,1005000.0,1811.0,660000.0,6759.0,Sydney
282,2014,118,,,,,,838.0,1083.0,1244.0,793.0,161.0,1244.0,385.0,409.0,Sydney - Eastern Suburbs,331931.2,1104.0,192.0,865.0,799482.6,283427.1,184124.3,Sydney - Eastern Suburbs,,,,,,,,,0.588,78521.0,91963.0,27614.0,53827.0,4380.0,988.0,1,1765000.0,2224.0,744000.0,3871.0,Sydney
283,2014,119,,,,,,1567.0,4901.0,5820.0,1545.0,919.0,5881.0,340.0,1205.0,Sydney - Inner South West,1011652.8,4935.0,965.0,3919.0,1389504.0,94914.9,282936.4,Sydney - Inner South West,,,,,,,,,0.446,51520.0,35492.0,5904.0,44005.0,3110.0,449.0,1,805000.0,5311.0,500000.0,5310.0,Sydney
284,2014,120,,,,,,818.0,1876.0,2036.0,800.0,160.0,2037.0,208.0,592.0,Sydney - Inner West,951699.7,3756.0,210.0,3414.0,1226414.8,186744.0,87971.0,Sydney - Inner West,,,,,,,,,0.505,67664.0,52296.0,10892.0,52310.0,3372.0,576.0,1,1220000.0,2592.0,625000.0,4130.0,Sydney
285,2014,121,,,,,,1783.0,3839.0,4322.0,1703.0,483.0,4451.0,589.0,1115.0,Sydney - North Sydney and Hornsby,786274.0,3353.0,487.0,2838.0,1495806.8,421898.2,287634.5,Sydney - North Sydney and Hornsby,,,,,,,,,0.58,87923.0,59355.0,21657.0,58781.0,3573.0,1220.0,1,1410000.0,4543.0,700000.0,5863.0,Sydney
287,2014,123,,,,,,559.0,338.0,1936.0,513.0,1598.0,2090.0,452.0,61.0,Sydney - Outer South West,138607.9,2736.0,2019.0,707.0,729219.9,33605.7,557006.3,Sydney - Outer South West,,,,,,,,,0.398,53610.0,29182.0,3597.0,48223.0,3627.0,167.0,1,455000.0,4173.0,320000.0,855.0,Sydney
291,2014,127,,,,,,957.0,1309.0,3844.0,930.0,2535.0,3931.0,657.0,273.0,Sydney - South West,242058.6,4476.0,3336.0,1107.0,1144999.0,32659.6,870280.7,Sydney - South West,,,,,,,,,0.402,48772.0,43135.0,3877.0,44179.0,6139.0,281.0,1,554000.0,4338.0,350000.0,1778.0,Sydney
292,2014,128,,,,,,317.0,310.0,666.0,307.0,356.0,666.0,195.0,112.0,Sydney - Sutherland,142591.5,869.0,357.0,483.0,356936.1,74702.6,139642.0,Sydney - Sutherland,,,,,,,,,0.473,64407.0,81290.0,9845.0,52504.0,3196.0,508.0,1,866000.0,2294.0,552000.0,2264.0,Sydney
298,2014,206,,,,,,4162.0,11303.0,11934.0,4040.0,631.0,12043.0,664.0,3376.0,Melbourne - Inner,4327396.5,16582.0,585.0,15766.0,5227196.0,582632.0,317167.4,Melbourne - Inner,,,,,,,,,0.518,63109.0,73094.0,15762.0,49454.0,3323.0,460.0,2,875000.0,5504.0,511000.0,10239.0,Melbourne
299,2014,207,,,,,,1496.0,2309.0,3352.0,1478.0,1043.0,3360.0,850.0,628.0,Melbourne - Inner East,964620.5,4804.0,1125.0,3609.0,1877820.2,272019.2,641180.5,Melbourne - Inner East,,,,,,,,,0.557,66564.0,46295.0,18721.0,47376.0,3077.0,1387.0,2,1060000.0,5018.0,592000.0,2807.0,Melbourne
300,2014,208,,,,,,1198.0,1973.0,2800.0,1173.0,827.0,2805.0,645.0,529.0,Melbourne - Inner South,957544.2,4455.0,1041.0,3300.0,1838995.8,333199.8,548251.9,Melbourne - Inner South,,,,,,,,,0.53,67454.0,54685.0,18439.0,50000.0,2973.0,942.0,2,925000.0,5236.0,549475.0,4214.0,Melbourne
301,2014,209,,,,,,1179.0,1510.0,4563.0,1147.0,3053.0,4637.0,875.0,271.0,Melbourne - North East,535064.5,6325.0,3663.0,2653.0,1573184.5,114560.9,923559.0,Melbourne - North East,,,,,,,,,0.438,53079.0,29671.0,7104.0,45730.0,2405.0,321.0,2,501298.0,6329.0,400000.0,2086.0,Melbourne
302,2014,210,,,,,,884.0,1316.0,3676.0,867.0,2360.0,3702.0,626.0,241.0,Melbourne - North West,263455.5,4351.0,2925.0,1406.0,1080639.1,57403.7,759779.9,Melbourne - North West,,,,,,,,,0.429,51113.0,28154.0,6450.0,45004.0,2642.0,252.0,2,435125.0,4920.0,367750.0,1296.0,Melbourne
303,2014,211,,,,,,837.0,1257.0,2857.0,818.0,1600.0,2861.0,535.0,283.0,Melbourne - Outer East,300452.6,3008.0,1596.0,1384.0,903080.6,137472.0,465156.0,Melbourne - Outer East,,,,,,,,,0.444,52942.0,27361.0,7397.0,45386.0,2194.0,344.0,2,545550.0,7456.0,415000.0,2221.0,Melbourne
304,2014,212,,,,,,1770.0,1872.0,6939.0,1749.0,5067.0,6954.0,1352.0,398.0,Melbourne - South East,467631.4,8035.0,5722.0,2268.0,2127360.8,94089.1,1565640.2,Melbourne - South East,,,,,,,,,0.431,48937.0,30109.0,6073.0,43305.0,2573.0,237.0,2,452500.0,10759.0,365000.0,2839.0,Melbourne
370,2015,116,,,,,,816.0,946.0,3433.0,804.0,2487.0,3450.0,650.0,154.0,Sydney - Blacktown,384994.3,4591.0,2839.0,1728.0,1176643.2,33470.7,758178.2,Sydney - Blacktown,,,,,,,,,0.389,54306.0,35384.0,1589.0,49908.0,3968.0,130.0,1,618000.0,4800.0,469039.0,1488.0,Sydney
371,2015,117,,,,,,2012.0,5964.0,6080.0,1975.0,116.0,6081.0,121.0,1854.0,Sydney - City and Inner South,2773498.5,7225.0,85.0,6921.0,3004876.0,204092.9,27284.7,Sydney - City and Inner South,,,,,,,,,0.508,64059.0,88096.0,9836.0,49669.0,3922.0,265.0,1,1200000.0,1767.0,735000.0,6765.0,Sydney
372,2015,118,,,,,,801.0,900.0,1097.0,734.0,197.0,1105.0,394.0,341.0,Sydney - Eastern Suburbs,316604.0,1026.0,182.0,781.0,820639.5,312137.7,191897.8,Sydney - Eastern Suburbs,,,,,,,,,0.581,81951.0,165407.0,25335.0,56304.0,5598.0,862.0,1,1993500.0,2294.0,836000.0,3375.0,Sydney
373,2015,119,,,,,,1402.0,3807.0,4812.0,1345.0,1005.0,4974.0,369.0,976.0,Sydney - Inner South West,1357588.5,6176.0,1129.0,4986.0,1793757.2,100574.8,335594.1,Sydney - Inner South West,,,,,,,,,0.45,52942.0,47244.0,5752.0,45083.0,3638.0,386.0,1,928000.0,5215.0,600000.0,5291.0,Sydney
374,2015,120,,,,,,1258.0,3587.0,3805.0,1232.0,218.0,3818.0,221.0,1011.0,Sydney - Inner West,664518.9,2760.0,239.0,2412.0,983434.2,206027.8,112887.5,Sydney - Inner West,,,,,,,,,0.505,69931.0,55576.0,10320.0,53902.0,4156.0,533.0,1,1451750.0,2600.0,702000.0,4181.0,Sydney
375,2015,121,,,,,,1514.0,2762.0,3256.0,1406.0,494.0,3363.0,664.0,742.0,Sydney - North Sydney and Hornsby,1142094.4,4402.0,561.0,3616.0,1993277.0,490237.8,360944.8,Sydney - North Sydney and Hornsby,,,,,,,,,0.575,90793.0,66279.0,20081.0,60667.0,4641.0,1151.0,1,1680000.0,4777.0,745000.0,6218.0,Sydney
377,2015,123,,,,,,731.0,703.0,2653.0,703.0,1950.0,2738.0,565.0,138.0,Sydney - Outer South West,133937.8,2995.0,2334.0,646.0,867764.9,37167.2,696659.9,Sydney - Outer South West,,,,,,,,,0.4,55127.0,45936.0,3590.0,49536.0,4825.0,154.0,1,540000.0,4942.0,385000.0,1082.0,Sydney
381,2015,127,,,,,,1145.0,1041.0,4369.0,1112.0,3328.0,4475.0,890.0,222.0,Sydney - South West,329532.3,5382.0,3935.0,1387.0,1446685.8,36325.7,1080827.8,Sydney - South West,,,,,,,,,0.404,50475.0,51806.0,3850.0,45572.0,6250.0,246.0,1,650000.0,4508.0,425000.0,1877.0,Sydney
382,2015,128,,,,,,357.0,472.0,828.0,339.0,356.0,869.0,199.0,139.0,Sydney - Sutherland,222632.2,1053.0,377.0,662.0,468465.3,91962.2,153870.9,Sydney - Sutherland,,,,,,,,,0.475,66777.0,45859.0,9762.0,54146.0,3846.0,497.0,1,1000000.0,2412.0,641000.0,1905.0,Sydney
388,2015,206,,,,,,5245.0,15949.0,16562.0,5143.0,613.0,16572.0,735.0,4408.0,Melbourne - Inner,4023326.5,13464.0,538.0,12330.0,5050764.0,736167.0,291270.5,Melbourne - Inner,,,,,,,,,0.515,65246.0,101334.0,14977.0,51018.0,4046.0,401.0,2,1002000.0,4637.0,528000.0,14523.0,Melbourne
389,2015,207,,,,,,1878.0,3659.0,4784.0,1863.0,1125.0,4804.0,881.0,982.0,Melbourne - Inner East,970205.9,4542.0,1245.0,3283.0,2078321.8,310634.0,797481.9,Melbourne - Inner East,,,,,,,,,0.557,68426.0,49612.0,18360.0,48716.0,4002.0,1294.0,2,1300000.0,5125.0,620000.0,4239.0,Melbourne
390,2015,208,,,,,,1839.0,3406.0,4451.0,1821.0,1045.0,4457.0,817.0,1004.0,Melbourne - Inner South,1028907.4,4599.0,1176.0,3403.0,1938677.6,303210.7,606559.5,Melbourne - Inner South,,,,,,,,,0.529,70150.0,56284.0,17900.0,51683.0,3994.0,851.0,2,1100000.0,4997.0,561500.0,5870.0,Melbourne
391,2015,209,,,,,,1574.0,2606.0,6242.0,1535.0,3636.0,6331.0,1009.0,525.0,Melbourne - North East,640414.6,6204.0,3262.0,2931.0,1629474.5,115049.8,874010.0,Melbourne - North East,,,,,,,,,0.44,54746.0,44279.0,7225.0,47097.0,2876.0,279.0,2,521500.0,6454.0,421000.0,2853.0,Melbourne
392,2015,210,,,,,,1082.0,1411.0,4308.0,1056.0,2897.0,4352.0,792.0,265.0,Melbourne - North West,330646.7,4917.0,3231.0,1655.0,1241475.1,61726.9,849101.5,Melbourne - North West,,,,,,,,,0.428,52559.0,36663.0,6361.0,46254.0,3208.0,219.0,2,445000.0,5383.0,388000.0,1921.0,Melbourne
393,2015,211,,,,,,909.0,1432.0,3025.0,888.0,1593.0,3034.0,578.0,310.0,Melbourne - Outer East,246344.5,2935.0,1819.0,1105.0,966993.5,145274.9,575374.0,Melbourne - Outer East,,,,,,,,,0.444,54590.0,35117.0,7156.0,46731.0,2652.0,305.0,2,595000.0,7181.0,445000.0,2965.0,Melbourne
394,2015,212,,,,,,2128.0,2280.0,8003.0,2103.0,5723.0,8038.0,1630.0,473.0,Melbourne - South East,390738.4,8480.0,6641.0,1799.0,2367152.0,99915.8,1876497.8,Melbourne - South East,,,,,,,,,0.43,50236.0,32879.0,5830.0,44495.0,3182.0,200.0,2,465000.0,11515.0,405000.0,3768.0,Melbourne
459,2016,116,12.2,2203.0,1590.0,6943.0,10.4,1178.0,1741.0,4586.0,1172.0,2845.0,4594.0,786.0,386.0,Sydney - Blacktown,347727.2,4500.0,3000.0,1480.0,1150921.8,23292.3,779902.2,Sydney - Blacktown,0.9,1818.0,1712.0,33.0,672.0,3.2,380.0,2150.0,0.391,56432.0,42283.0,1355.0,51700.0,2859.0,101.0,1,680000.0,4147.0,510000.0,1141.0,Sydney
460,2016,117,24.5,2614.0,2331.0,12307.0,5.6,3005.0,7135.0,7225.0,2981.0,90.0,7225.0,124.0,2857.0,Sydney - City and Inner South,2551591.5,6854.0,127.0,6331.0,2867573.0,267452.1,48529.4,Sydney - City and Inner South,1.1,2369.0,1894.0,33.0,904.0,2.2,550.0,2500.0,0.512,66849.0,71945.0,9446.0,51244.0,2886.0,218.0,1,1365000.0,1716.0,820000.0,6088.0,Sydney
461,2016,118,18.6,2950.0,2516.0,5639.0,5.6,823.0,841.0,1026.0,770.0,185.0,1026.0,437.0,333.0,Sydney - Eastern Suburbs,442404.2,1338.0,200.0,1069.0,989118.0,319145.7,227568.2,Sydney - Eastern Suburbs,1.0,2756.0,2163.0,35.0,1020.0,2.4,580.0,2900.0,0.585,85621.0,156110.0,26367.0,58300.0,4231.0,750.0,1,2298500.0,2038.0,900000.0,2913.0,Sydney
462,2016,119,16.7,2263.0,1781.0,19646.0,9.3,1812.0,4911.0,6036.0,1764.0,1125.0,6194.0,421.0,1343.0,Sydney - Inner South West,1218199.5,5117.0,1051.0,3984.0,1643638.9,97252.0,328187.4,Sydney - Inner South West,1.1,1576.0,1431.0,35.0,565.0,2.9,415.0,2167.0,0.452,54646.0,41715.0,5441.0,46433.0,2562.0,295.0,1,1025000.0,4576.0,635000.0,4089.0,Sydney
463,2016,120,15.9,2666.0,2224.0,8484.0,7.1,994.0,2517.0,2764.0,978.0,247.0,2764.0,277.0,702.0,Sydney - Inner West,899435.0,3291.0,279.0,2958.0,1221738.2,179214.2,143089.1,Sydney - Inner West,1.0,2282.0,1964.0,36.0,828.0,2.6,500.0,2500.0,0.51,72608.0,57647.0,10132.0,55330.0,2980.0,439.0,1,1620000.0,2445.0,760000.0,3698.0,Sydney
464,2016,121,11.5,2823.0,2511.0,6261.0,7.0,2009.0,3838.0,4402.0,1979.0,564.0,4402.0,741.0,1239.0,Sydney - North Sydney and Hornsby,1412312.8,4439.0,511.0,3753.0,2141134.8,412904.0,315918.1,Sydney - North Sydney and Hornsby,1.0,2814.0,2333.0,38.0,1029.0,2.6,555.0,2600.0,0.578,95186.0,74822.0,19705.0,63276.0,3362.0,989.0,1,1835000.0,3986.0,838000.0,4936.0,Sydney
466,2016,123,10.4,2092.0,1509.0,3541.0,10.7,868.0,627.0,2937.0,846.0,2310.0,2997.0,717.0,129.0,Sydney - Outer South West,122263.9,2829.0,2259.0,555.0,825846.4,43965.3,659617.3,Sydney - Outer South West,0.9,1794.0,1637.0,35.0,686.0,3.0,360.0,2000.0,0.401,57126.0,52613.0,3435.0,51309.0,4717.0,124.0,1,605000.0,4214.0,430000.0,838.0,Sydney
470,2016,127,15.7,2127.0,1558.0,11297.0,11.0,1481.0,1466.0,5357.0,1509.0,3891.0,5453.0,1093.0,416.0,Sydney - South West,891206.2,7556.0,4239.0,3267.0,2116610.2,30870.2,1194533.9,Sydney - South West,1.0,1489.0,1429.0,35.0,500.0,3.3,365.0,2000.0,0.409,52521.0,57215.0,3571.0,47228.0,4855.0,189.0,1,745000.0,4058.0,480000.0,1393.0,Sydney
471,2016,128,8.1,2559.0,1987.0,1963.0,8.7,468.0,652.0,1029.0,456.0,377.0,1053.0,233.0,222.0,Sydney - Sutherland,721187.5,2662.0,496.0,2155.0,1027156.0,95660.8,210307.7,Sydney - Sutherland,0.9,2312.0,1979.0,40.0,836.0,2.7,450.0,2427.0,0.478,69834.0,50055.0,10159.0,56494.0,2689.0,453.0,1,1160000.0,2214.0,700000.0,1858.0,Sydney
477,2016,206,20.0,2335.0,1852.0,13934.0,4.6,5203.0,12899.0,13444.0,5110.0,545.0,13448.0,760.0,4350.0,Melbourne - Inner,3994863.0,11974.0,605.0,11241.0,5033361.0,643072.1,395425.8,Melbourne - Inner,1.0,2323.0,1699.0,33.0,883.0,2.1,401.0,2100.0,0.519,67125.0,111383.0,15108.0,52289.0,3135.0,341.0,2,1150000.0,4418.0,550000.0,12107.0,Melbourne
478,2016,207,10.4,2439.0,1834.0,3903.0,7.0,2079.0,3297.0,4536.0,2061.0,1239.0,4541.0,1085.0,977.0,Melbourne - Inner East,1132309.8,4219.0,1059.0,3153.0,2138536.5,291590.2,714636.6,Melbourne - Inner East,0.9,2183.0,1756.0,39.0,707.0,2.6,400.0,2167.0,0.562,70837.0,69584.0,18477.0,50067.0,2927.0,1134.0,2,1450500.0,4548.0,660000.0,3609.0,Melbourne
479,2016,208,10.4,2369.0,1806.0,4013.0,6.6,1939.0,3422.0,4599.0,1918.0,1177.0,4599.0,884.0,1034.0,Melbourne - Inner South,1038309.4,4599.0,1233.0,3280.0,2079035.2,345898.5,694827.5,Melbourne - Inner South,0.9,2309.0,1793.0,40.0,802.0,2.5,386.0,2167.0,0.53,72900.0,64194.0,17765.0,53517.0,3031.0,746.0,2,1275000.0,4691.0,592500.0,5225.0,Melbourne
480,2016,209,9.2,1959.0,1444.0,6371.0,8.9,1629.0,2896.0,6129.0,1594.0,3233.0,6204.0,962.0,631.0,Melbourne - North East,408750.1,4744.0,2949.0,1782.0,1424256.1,151556.9,863949.1,Melbourne - North East,0.9,1767.0,1525.0,36.0,645.0,2.8,331.0,1829.0,0.44,56703.0,33665.0,7119.0,48800.0,2398.0,231.0,2,580000.0,6392.0,440000.0,2899.0,Melbourne
481,2016,210,9.0,1849.0,1412.0,6250.0,9.9,1241.0,1680.0,4897.0,1223.0,3217.0,4917.0,888.0,336.0,Melbourne - North West,395892.5,5475.0,3607.0,1861.0,1450586.2,63651.2,991042.5,Melbourne - North West,0.9,1598.0,1422.0,35.0,579.0,2.9,330.0,1733.0,0.429,54739.0,49903.0,6232.0,48162.0,2685.0,178.0,2,474950.0,5470.0,420000.0,2066.0,Melbourne
482,2016,211,6.8,1889.0,1469.0,4146.0,8.8,967.0,1115.0,2934.0,944.0,1819.0,2935.0,696.0,248.0,Melbourne - Outer East,256121.5,2691.0,1666.0,1014.0,1005173.3,164732.0,584319.8,Melbourne - Outer East,0.8,1851.0,1559.0,39.0,674.0,2.7,350.0,1768.0,0.447,56619.0,36753.0,7172.0,48523.0,2280.0,263.0,2,675000.0,6920.0,495000.0,2890.0,Melbourne
483,2016,212,9.9,1868.0,1475.0,12835.0,10.2,2367.0,1818.0,8461.0,2342.0,6643.0,8480.0,1950.0,392.0,Melbourne - South East,551170.4,9412.0,7121.0,2275.0,2732066.5,107849.0,2073047.2,Melbourne - South East,0.9,1593.0,1444.0,35.0,586.0,2.9,336.0,1733.0,0.434,51891.0,39974.0,5767.0,45882.0,2822.0,157.0,2,516000.0,11337.0,410000.0,3585.0,Melbourne
548,2017,116,,,,,,1135.0,1429.0,4430.0,1134.0,3001.0,4430.0,801.0,334.0,Sydney - Blacktown,590719.1,5323.0,2863.0,2444.0,1364470.2,27878.6,745872.6,Sydney - Blacktown,,,,,,,,,0.398,57473.0,36696.0,1232.0,52530.0,3586.0,79.0,1,745000.0,4306.0,563000.0,1146.0,Sydney
549,2017,117,,,,,,2868.0,6540.0,6675.0,2760.0,135.0,6854.0,148.0,2612.0,Sydney - City and Inner South,2264031.5,4723.0,139.0,4510.0,2498282.5,182649.7,51601.2,Sydney - City and Inner South,,,,,,,,,0.52,65465.0,80041.0,8262.0,48978.0,3497.0,183.0,1,1555000.0,1612.0,888000.0,6745.0,Sydney
550,2017,118,,,,,,993.0,1152.0,1357.0,936.0,205.0,1357.0,453.0,483.0,Sydney - Eastern Suburbs,484534.7,1325.0,175.0,1111.0,1075007.8,368387.1,222085.9,Sydney - Eastern Suburbs,,,,,,,,,0.586,86564.0,152519.0,25802.0,58434.0,5261.0,665.0,1,2600000.0,1753.0,1100000.0,3402.0,Sydney
551,2017,119,,,,,,1644.0,4000.0,5052.0,1615.0,1052.0,5119.0,400.0,1215.0,Sydney - Inner South West,1388230.8,5779.0,1038.0,4707.0,1796358.8,91949.3,316178.6,Sydney - Inner South West,,,,,,,,,0.456,54980.0,47824.0,5452.0,46644.0,3513.0,244.0,1,1130000.0,4420.0,645000.0,4761.0,Sydney
552,2017,120,,,,,,1222.0,3009.0,3291.0,1199.0,282.0,3291.0,281.0,918.0,Sydney - Inner West,960870.6,3018.0,280.0,2709.0,1299805.8,157721.4,181213.8,Sydney - Inner West,,,,,,,,,0.512,73015.0,85362.0,9858.0,55901.0,3815.0,362.0,1,1850000.0,2079.0,790000.0,3694.0,Sydney
553,2017,121,,,,,,2216.0,3936.0,4465.0,2182.0,529.0,4475.0,680.0,1502.0,Sydney - North Sydney and Hornsby,748485.3,2790.0,537.0,2243.0,1505120.2,407767.7,348867.2,Sydney - North Sydney and Hornsby,,,,,,,,,0.577,95445.0,79174.0,19633.0,64189.0,4221.0,867.0,1,2120000.0,3841.0,915000.0,5081.0,Sydney
555,2017,123,,,,,,833.0,557.0,2812.0,810.0,2255.0,2861.0,692.0,118.0,Sydney - Outer South West,215087.9,3356.0,2498.0,841.0,1027325.2,44037.6,768199.7,Sydney - Outer South West,,,,,,,,,0.403,57735.0,44706.0,3576.0,51981.0,4465.0,100.0,1,655000.0,4050.0,465000.0,716.0,Sydney
559,2017,127,,,,,,2115.0,3250.0,7455.0,2087.0,4205.0,7550.0,1207.0,880.0,Sydney - South West,673989.6,6288.0,3970.0,2257.0,1866625.4,31878.1,1160757.8,Sydney - South West,,,,,,,,,0.412,53359.0,56087.0,3684.0,48027.0,4975.0,153.0,1,783400.0,4264.0,490500.0,1272.0,Sydney
560,2017,128,,,,,,1027.0,2127.0,2616.0,1003.0,489.0,2661.0,292.0,711.0,Sydney - Sutherland,547343.3,2065.0,418.0,1641.0,851533.6,88197.2,215993.1,Sydney - Sutherland,,,,,,,,,0.475,70781.0,56285.0,10356.0,57946.0,3574.0,403.0,1,1297000.0,2213.0,750000.0,2133.0,Sydney
566,2017,206,,,,,,5163.0,12006.0,12576.0,5053.0,570.0,12623.0,868.0,4185.0,Melbourne - Inner,4780438.0,14294.0,580.0,13630.0,5946418.0,695044.1,470935.8,Melbourne - Inner,,,,,,,,,0.523,67659.0,95265.0,15087.0,52236.0,3858.0,296.0,2,1315000.0,3937.0,535000.0,12208.0,Melbourne
567,2017,207,,,,,,2139.0,3156.0,4218.0,2116.0,1062.0,4219.0,984.0,1133.0,Melbourne - Inner East,839419.5,3393.0,1125.0,2256.0,1923097.4,265692.2,817985.7,Melbourne - Inner East,,,,,,,,,0.566,71944.0,66931.0,18069.0,50616.0,4016.0,1017.0,2,1581000.0,3885.0,710000.0,3298.0,Melbourne
568,2017,208,,,,,,2079.0,3359.0,4597.0,2050.0,1238.0,4598.0,988.0,1063.0,Melbourne - Inner South,1677499.6,5597.0,1042.0,4545.0,2689423.2,396171.8,615751.8,Melbourne - Inner South,,,,,,,,,0.53,74486.0,82364.0,18025.0,54699.0,3957.0,694.0,2,1400000.0,4266.0,655000.0,5112.0,Melbourne
569,2017,209,,,,,,1404.0,1700.0,4629.0,1367.0,2929.0,4665.0,979.0,388.0,Melbourne - North East,522913.0,4861.0,2768.0,2084.0,1520072.2,162312.7,834846.6,Melbourne - North East,,,,,,,,,0.447,58231.0,44611.0,7254.0,49925.0,3568.0,203.0,2,630100.0,6230.0,476000.0,2880.0,Melbourne
570,2017,210,,,,,,1451.0,1862.0,5424.0,1422.0,3562.0,5475.0,1027.0,396.0,Melbourne - North West,384301.0,5926.0,4282.0,1641.0,1701074.4,68991.7,1247781.6,Melbourne - North West,,,,,,,,,0.431,55901.0,47332.0,6572.0,49044.0,3893.0,156.0,2,525000.0,5363.0,445000.0,2220.0,Melbourne
571,2017,211,,,,,,1005.0,1020.0,2691.0,978.0,1671.0,2691.0,720.0,258.0,Melbourne - Outer East,512238.4,3339.0,1424.0,1908.0,1257921.9,176114.5,569569.0,Melbourne - Outer East,,,,,,,,,0.448,58007.0,47701.0,7293.0,49689.0,3047.0,240.0,2,750000.0,6312.0,542500.0,2857.0,Melbourne
572,2017,212,,,,,,2770.0,2507.0,9627.0,2743.0,7120.0,9631.0,2151.0,592.0,Melbourne - South East,1102386.8,11895.0,7587.0,4298.0,3560055.8,118700.8,2338968.0,Melbourne - South East,,,,,,,,,0.436,52796.0,44525.0,5769.0,46547.0,3994.0,131.0,2,560000.0,11548.0,435000.0,4165.0,Melbourne
637,2018,116,,,,,,1400.0,2468.0,5442.0,1397.0,2974.0,5442.0,800.0,597.0,Sydney - Blacktown,539161.9,5260.0,3133.0,2113.0,1449082.0,20746.3,889173.7,Sydney - Blacktown,,,,,,,,,,,33658.0,,,3262.0,,1,770000.0,3783.0,575000.0,1108.0,Sydney
638,2018,117,,,,,,2562.0,4512.0,4652.0,2479.0,140.0,4734.0,187.0,2292.0,Sydney - City and Inner South,1046351.5,3242.0,115.0,3043.0,1258638.2,164108.9,48177.8,Sydney - City and Inner South,,,,,,,,,,,64013.0,,,3198.0,,1,1518000.0,1557.0,880000.0,4977.0,Sydney
639,2018,118,,,,,,1078.0,1182.0,1363.0,1011.0,181.0,1363.0,489.0,522.0,Sydney - Eastern Suburbs,512276.6,998.0,156.0,795.0,1082133.8,352262.9,217594.2,Sydney - Eastern Suburbs,,,,,,,,,,,155069.0,,,5347.0,,1,2600000.0,1696.0,1100000.0,2773.0,Sydney
640,2018,119,,,,,,1831.0,4622.0,5677.0,1767.0,1055.0,5864.0,395.0,1373.0,Sydney - Inner South West,575797.7,2900.0,1005.0,1844.0,965549.8,82762.4,306989.7,Sydney - Inner South West,,,,,,,,,,,53355.0,,,3304.0,,1,1150000.0,3826.0,650000.0,4016.0,Sydney
641,2018,120,,,,,,1360.0,2838.0,3152.0,1347.0,314.0,3152.0,350.0,997.0,Sydney - Inner West,331383.5,1324.0,273.0,1035.0,674339.1,175650.5,167305.1,Sydney - Inner West,,,,,,,,,,,53725.0,,,3721.0,,1,1800000.0,1879.0,780000.0,3004.0,Sydney
642,2018,121,,,,,,1517.0,2252.0,2790.0,1485.0,538.0,2802.0,732.0,753.0,Sydney - North Sydney and Hornsby,858379.6,2695.0,463.0,2202.0,1664000.5,455226.9,350394.1,Sydney - North Sydney and Hornsby,,,,,,,,,,,75803.0,,,4561.0,,1,2134000.0,3165.0,920000.0,4171.0,Sydney
644,2018,123,,,,,,1039.0,868.0,3335.0,1009.0,2467.0,3396.0,791.0,219.0,Sydney - Outer South West,274436.7,3136.0,2226.0,899.0,1001078.8,32275.9,694366.2,Sydney - Outer South West,,,,,,,,,,,48923.0,,,4334.0,,1,683300.0,3837.0,480000.0,654.0,Sydney
648,2018,127,,,,,,1888.0,2271.0,6344.0,1873.0,4073.0,6384.0,1206.0,667.0,Sydney - South West,482097.0,5258.0,3430.0,1772.0,1531036.2,32510.2,1016429.1,Sydney - South West,,,,,,,,,,,48049.0,,,4296.0,,1,800000.0,3826.0,508000.0,1153.0,Sydney
649,2018,128,,,,,,852.0,1639.0,2059.0,844.0,420.0,2065.0,298.0,546.0,Sydney - Sutherland,637988.1,1822.0,266.0,1545.0,847953.3,83533.2,126432.0,Sydney - Sutherland,,,,,,,,,,,56999.0,,,3744.0,,1,1300000.0,2031.0,755000.0,1817.0,Sydney
655,2018,206,,,,,,6015.0,13596.0,14169.0,5876.0,573.0,14263.0,1011.0,4866.0,Melbourne - Inner,2124858.0,5542.0,392.0,5057.0,3146519.8,679773.5,341888.2,Melbourne - Inner,,,,,,,,,,,116582.0,,,3790.0,,2,1380000.0,3842.0,542500.0,11199.0,Melbourne
656,2018,207,,,,,,1923.0,2266.0,3385.0,1896.0,1119.0,3393.0,1054.0,842.0,Melbourne - Inner East,1231575.1,4136.0,860.0,3269.0,2189684.2,283354.2,674755.0,Melbourne - Inner East,,,,,,,,,,,65730.0,,,4314.0,,2,1630000.0,3505.0,705000.0,2802.0,Melbourne
657,2018,208,,,,,,2689.0,4553.0,5582.0,2660.0,1029.0,5594.0,978.0,1682.0,Melbourne - Inner South,1138760.9,3524.0,795.0,2719.0,2056631.0,348351.1,569519.0,Melbourne - Inner South,,,,,,,,,,,79544.0,,,4171.0,,2,1500000.0,3889.0,672000.0,4029.0,Melbourne
658,2018,209,,,,,,1519.0,1981.0,4697.0,1455.0,2716.0,4858.0,955.0,499.0,Melbourne - North East,512972.6,4816.0,2915.0,1895.0,1618792.4,153617.8,952202.0,Melbourne - North East,,,,,,,,,,,45700.0,,,3574.0,,2,712000.0,5857.0,541000.0,2448.0,Melbourne
659,2018,210,,,,,,1701.0,1633.0,5892.0,1675.0,4259.0,5924.0,1293.0,382.0,Melbourne - North West,306986.0,5031.0,3786.0,1239.0,1552511.2,69432.8,1176092.5,Melbourne - North West,,,,,,,,,,,47046.0,,,4197.0,,2,605000.0,5214.0,490000.0,1840.0,Melbourne
660,2018,211,,,,,,1258.0,1909.0,3329.0,1222.0,1420.0,3336.0,709.0,513.0,Melbourne - Outer East,335159.8,2287.0,1144.0,1136.0,989340.4,161409.8,492770.8,Melbourne - Outer East,,,,,,,,,,,43078.0,,,3298.0,,2,807500.0,6021.0,600000.0,2444.0,Melbourne
661,2018,212,,,,,,3570.0,4349.0,11872.0,3534.0,7523.0,11914.0,2420.0,1114.0,Melbourne - South East,985237.2,9466.0,6174.0,3280.0,3146993.2,113319.7,2048436.2,Melbourne - South East,,,,,,,,,,,52935.0,,,4277.0,,2,640000.0,10212.0,488000.0,3421.0,Melbourne
726,2019,116,,,,,,1456.0,2122.0,5280.0,1456.0,3158.0,5286.0,914.0,542.0,Sydney - Blacktown,386187.3,4435.0,2849.0,1558.0,1179922.9,22515.5,771220.0,Sydney - Blacktown,,,,,,,,,,,,,,,,1,720000.0,3436.0,560000.0,898.0,Sydney
727,2019,117,,,,,,1258.0,3113.0,3240.0,1223.0,127.0,3240.0,157.0,1066.0,Sydney - City and Inner South,459012.7,1498.0,84.0,1382.0,701309.6,205611.7,36685.1,Sydney - City and Inner South,,,,,,,,,,,,,,,,1,1355000.0,1352.0,840000.0,4461.0,Sydney
728,2019,118,,,,,,1113.0,830.0,1000.0,1038.0,170.0,1000.0,511.0,528.0,Sydney - Eastern Suburbs,252850.5,681.0,183.0,465.0,760522.9,324221.7,183450.7,Sydney - Eastern Suburbs,,,,,,,,,,,,,,,,1,2450000.0,1564.0,1027661.0,2487.0,Sydney
729,2019,119,,,,,,977.0,1869.0,2898.0,955.0,1029.0,2949.0,380.0,575.0,Sydney - Inner South West,1118018.8,4338.0,1005.0,3303.0,1546277.6,89479.6,338779.2,Sydney - Inner South West,,,,,,,,,,,,,,,,1,988000.0,3282.0,621000.0,3252.0,Sydney
730,2019,120,,,,,,694.0,1050.0,1337.0,676.0,287.0,1337.0,325.0,351.0,Sydney - Inner West,441404.9,1334.0,228.0,1067.0,757211.7,184384.8,131422.0,Sydney - Inner West,,,,,,,,,,,,,,,,1,1600000.0,1754.0,750000.0,2478.0,Sydney
731,2019,121,,,,,,1584.0,2083.0,2549.0,1549.0,466.0,2549.0,747.0,802.0,Sydney - North Sydney and Hornsby,395362.8,1409.0,489.0,898.0,1161266.8,383310.5,382593.5,Sydney - North Sydney and Hornsby,,,,,,,,,,,,,,,,1,1950000.0,2834.0,875278.0,3734.0,Sydney
733,2019,123,,,,,,1024.0,930.0,3161.0,998.0,2231.0,3214.0,719.0,280.0,Sydney - Outer South West,212954.7,2681.0,1810.0,856.0,800714.8,28851.0,558909.2,Sydney - Outer South West,,,,,,,,,,,,,,,,1,640000.0,3078.0,438000.0,478.0,Sydney
737,2019,127,,,,,,1502.0,1631.0,5056.0,1466.0,3425.0,5125.0,1034.0,432.0,Sydney - South West,406483.9,4166.0,2856.0,1292.0,1262218.4,21744.4,833990.1,Sydney - South West,,,,,,,,,,,,,,,,1,740000.0,3111.0,490000.0,881.0,Sydney
738,2019,128,,,,,,848.0,1555.0,1822.0,842.0,267.0,1822.0,203.0,639.0,Sydney - Sutherland,366441.4,1112.0,186.0,918.0,558264.5,90674.8,101148.4,Sydney - Sutherland,,,,,,,,,,,,,,,,1,1130000.0,1975.0,730000.0,1675.0,Sydney
744,2019,206,,,,,,3272.0,5452.0,5855.0,3143.0,403.0,5882.0,883.0,2260.0,Melbourne - Inner,3752539.2,9472.0,349.0,9075.0,4728290.0,633208.0,342542.7,Melbourne - Inner,,,,,,,,,,,,,,,,2,1280000.0,3548.0,560000.0,10654.0,Melbourne
745,2019,207,,,,,,2193.0,3277.0,4135.0,2179.0,858.0,4139.0,934.0,1245.0,Melbourne - Inner East,1007683.0,3082.0,680.0,2391.0,1847570.1,249790.3,590096.8,Melbourne - Inner East,,,,,,,,,,,,,,,,2,1420000.0,3157.0,650000.0,2705.0,Melbourne
746,2019,208,,,,,,2058.0,2719.0,3520.0,2029.0,801.0,3525.0,887.0,1141.0,Melbourne - Inner South,864661.4,2443.0,714.0,1708.0,1800512.2,358820.9,577029.9,Melbourne - Inner South,,,,,,,,,,,,,,,,2,1305000.0,3693.0,650000.0,3530.0,Melbourne
747,2019,209,,,,,,1623.0,1879.0,4793.0,1589.0,2914.0,4831.0,1081.0,508.0,Melbourne - North East,550617.6,5249.0,3263.0,1972.0,1738975.5,148643.8,1039714.1,Melbourne - North East,,,,,,,,,,,,,,,,2,680000.0,4984.0,529500.0,2176.0,Melbourne
748,2019,210,,,,,,1544.0,1143.0,4887.0,1499.0,3744.0,5014.0,1213.0,287.0,Melbourne - North West,332021.8,4886.0,3648.0,1232.0,1547995.8,71726.2,1144247.8,Melbourne - North West,,,,,,,,,,,,,,,,2,600000.0,4320.0,512000.0,1388.0,Melbourne
749,2019,211,,,,,,995.0,1143.0,2286.0,961.0,1143.0,2306.0,624.0,338.0,Melbourne - Outer East,424053.7,2369.0,1024.0,1338.0,1030896.9,151772.2,455071.0,Melbourne - Outer East,,,,,,,,,,,,,,,,2,738800.0,5162.0,565000.0,2151.0,Melbourne
750,2019,212,,,,,,3155.0,3376.0,9528.0,3121.0,6152.0,9568.0,2128.0,993.0,Melbourne - South East,597271.0,6902.0,4948.0,1948.0,2347707.8,103806.6,1646630.0,Melbourne - South East,,,,,,,,,,,,,,,,2,620000.0,8235.0,480000.0,2767.0,Melbourne
815,2020,116,,,,,,,,,,,,,,Sydney - Blacktown,870354.0,6899.0,3551.0,3332.0,1909268.2,38017.5,1000896.8,Sydney - Blacktown,,,,,,,,,,,,,,,,1,,,,,Sydney
816,2020,117,,,,,,,,,,,,,,Sydney - City and Inner South,1463555.0,2921.0,103.0,2803.0,1731755.6,215032.6,53168.0,Sydney - City and Inner South,,,,,,,,,,,,,,,,1,,,,,Sydney
817,2020,118,,,,,,,,,,,,,,Sydney - Eastern Suburbs,229207.3,582.0,124.0,430.0,802321.5,427539.4,145574.8,Sydney - Eastern Suburbs,,,,,,,,,,,,,,,,1,,,,,Sydney
818,2020,119,,,,,,,,,,,,,,Sydney - Inner South West,774448.8,3375.0,1021.0,2313.0,1261930.7,128544.3,358937.6,Sydney - Inner South West,,,,,,,,,,,,,,,,1,,,,,Sydney
819,2020,120,,,,,,,,,,,,,,Sydney - Inner West,530544.5,1642.0,298.0,1328.0,928642.2,192300.9,205796.8,Sydney - Inner West,,,,,,,,,,,,,,,,1,,,,,Sydney
820,2020,121,,,,,,,,,,,,,,Sydney - North Sydney and Hornsby,459795.5,1631.0,491.0,1125.0,1375769.4,477151.5,438822.4,Sydney - North Sydney and Hornsby,,,,,,,,,,,,,,,,1,,,,,Sydney
822,2020,123,,,,,,,,,,,,,,Sydney - Outer South West,168831.8,2852.0,2132.0,708.0,915466.9,46219.0,700416.1,Sydney - Outer South West,,,,,,,,,,,,,,,,1,,,,,Sydney
826,2020,127,,,,,,,,,,,,,,Sydney - South West,360704.7,5149.0,3815.0,1307.0,1556974.8,43387.4,1152882.7,Sydney - South West,,,,,,,,,,,,,,,,1,,,,,Sydney
827,2020,128,,,,,,,,,,,,,,Sydney - Sutherland,517380.7,1488.0,314.0,1167.0,797132.1,126031.5,153719.8,Sydney - Sutherland,,,,,,,,,,,,,,,,1,,,,,Sydney
833,2020,206,,,,,,,,,,,,,,Melbourne - Inner,1824037.8,4633.0,333.0,4254.0,2889247.1,691083.0,374126.3,Melbourne - Inner,,,,,,,,,,,,,,,,2,,,,,Melbourne
834,2020,207,,,,,,,,,,,,,,Melbourne - Inner East,1127853.2,3085.0,664.0,2414.0,1962849.8,260303.5,574693.0,Melbourne - Inner East,,,,,,,,,,,,,,,,2,,,,,Melbourne
835,2020,208,,,,,,,,,,,,,,Melbourne - Inner South,1300432.2,3434.0,590.0,2822.0,2183170.7,384498.4,498240.1,Melbourne - Inner South,,,,,,,,,,,,,,,,2,,,,,Melbourne
836,2020,209,,,,,,,,,,,,,,Melbourne - North East,463073.2,5693.0,4025.0,1664.0,1945133.6,182367.0,1299693.4,Melbourne - North East,,,,,,,,,,,,,,,,2,,,,,Melbourne
837,2020,210,,,,,,,,,,,,,,Melbourne - North West,283353.5,5409.0,4429.0,977.0,1757671.2,95813.9,1378503.8,Melbourne - North West,,,,,,,,,,,,,,,,2,,,,,Melbourne
838,2020,211,,,,,,,,,,,,,,Melbourne - Outer East,361660.5,2311.0,1149.0,1153.0,1101260.3,242957.9,496641.9,Melbourne - Outer East,,,,,,,,,,,,,,,,2,,,,,Melbourne
839,2020,212,,,,,,,,,,,,,,Melbourne - South East,556499.1,8113.0,6294.0,1816.0,2774423.7,151911.0,2066013.6,Melbourne - South East,,,,,,,,,,,,,,,,2,,,,,Melbourne
903,2021,116,,,,,,,,,,,,,,Sydney - Blacktown,,,,,,,,,0.9,2252.0,2109.0,34.0,833.0,3.1,400.0,2383.0,,,,,,,,1,,,,,Sydney
904,2021,117,,,,,,,,,,,,,,Sydney - City and Inner South,,,,,,,,,1.1,2887.0,2207.0,34.0,1174.0,2.1,550.0,2700.0,,,,,,,,1,,,,,Sydney
905,2021,118,,,,,,,,,,,,,,Sydney - Eastern Suburbs,,,,,,,,,1.0,3404.0,2513.0,37.0,1296.0,2.3,600.0,3298.0,,,,,,,,1,,,,,Sydney
906,2021,119,,,,,,,,,,,,,,Sydney - Inner South West,,,,,,,,,1.0,1972.0,1734.0,37.0,706.0,2.8,440.0,2300.0,,,,,,,,1,,,,,Sydney
907,2021,120,,,,,,,,,,,,,,Sydney - Inner West,,,,,,,,,1.0,2757.0,2250.0,37.0,1032.0,2.5,500.0,2780.0,,,,,,,,1,,,,,Sydney
908,2021,121,,,,,,,,,,,,,,Sydney - North Sydney and Hornsby,,,,,,,,,0.9,3309.0,2623.0,40.0,1218.0,2.5,560.0,3000.0,,,,,,,,1,,,,,Sydney
910,2021,123,,,,,,,,,,,,,,Sydney - Outer South West,,,,,,,,,0.8,2136.0,1916.0,35.0,804.0,2.9,400.0,2167.0,,,,,,,,1,,,,,Sydney
914,2021,127,,,,,,,,,,,,,,Sydney - South West,,,,,,,,,1.0,1850.0,1713.0,35.0,620.0,3.2,405.0,2200.0,,,,,,,,1,,,,,Sydney
915,2021,128,,,,,,,,,,,,,,Sydney - Sutherland,,,,,,,,,0.9,2757.0,2286.0,41.0,1017.0,2.7,500.0,2618.0,,,,,,,,1,,,,,Sydney
921,2021,206,,,,,,,,,,,,,,Melbourne - Inner,,,,,,,,,1.0,2833.0,2006.0,34.0,1137.0,2.0,401.0,2167.0,,,,,,,,2,,,,,Melbourne
922,2021,207,,,,,,,,,,,,,,Melbourne - Inner East,,,,,,,,,0.8,2552.0,2059.0,40.0,873.0,2.6,441.0,2500.0,,,,,,,,2,,,,,Melbourne
923,2021,208,,,,,,,,,,,,,,Melbourne - Inner South,,,,,,,,,0.9,2868.0,2174.0,41.0,1022.0,2.5,438.0,2400.0,,,,,,,,2,,,,,Melbourne
924,2021,209,,,,,,,,,,,,,,Melbourne - North East,,,,,,,,,0.8,2198.0,1887.0,37.0,807.0,2.7,380.0,2000.0,,,,,,,,2,,,,,Melbourne
925,2021,210,,,,,,,,,,,,,,Melbourne - North West,,,,,,,,,0.9,2031.0,1791.0,35.0,732.0,2.9,380.0,1924.0,,,,,,,,2,,,,,Melbourne
926,2021,211,,,,,,,,,,,,,,Melbourne - Outer East,,,,,,,,,0.8,2257.0,1907.0,40.0,816.0,2.6,396.0,2000.0,,,,,,,,2,,,,,Melbourne
927,2021,212,,,,,,,,,,,,,,Melbourne - South East,,,,,,,,,0.9,2004.0,1811.0,35.0,745.0,2.9,380.0,1963.0,,,,,,,,2,,,,,Melbourne
