{"organisation":"AU_Govt_ABS","name":"abs_building_approvals_sa4_2016_17","title":"ABS - Building Approvals (SA4) 2016-2017","legal":{"copyrightYear":"2018","attributionYear":"2018","attribution":"{datasource.organisationTitle}, ({dataset.attributionYear}): {dataset.title}; accessed from SUDO on {dateOfAccess}.","clickthrough":false,"licenceType":"Creative Commons Attribution 4.0 International (CC BY 4.0)","copyrightNotice":"&copy; {datasource.organisationTitle} {dataset.copyrightYear}"},"referenceSystemIdentifier":"urn:x-ogc:def:crs:EPSG:4283","geoLevel":"sa4_2016","key":"sa4_code","keyRegex":null,"availability":"true","geomField":"wkb_geometry","keyword":"Housing,Building Approvals,Renovations,Built Environment,Housing,Building Approvals,New Houses","theme":"","temporalExtent":{"beginDate":"2016-07-01T00:00:00","endDate":"2017-06-30T00:00:00","selectTime":false},"type":"dataset","_id":"dataset-AU_Govt_ABS-abs_building_approvals_sa4_2016_17-sa4_2016","bbox":[112.92,-43.74,159.11,-9.14],"abstract":"This dataset presents details of buildings works approved in Australia for the 2016-2017 financial year. The data has been aggregated and presented by Statistical Area Level 4 (SA4) 2016 boundaries.<br/><br/>\n\nStatistics of building work approved are compiled from: permits issued by local government authorities and other principal certifying authorities; contracts let or day labour work authorised by commonwealth, state, semi-government and local government authorities; and major building approvals in areas not subject to normal administrative approval e.g. building on remote mine sites.<br/><br/>\n\nThe scope of the collection comprises the following: construction of new buildings; alterations and additions to existing buildings; approved non-structural renovation and refurbishment work; and approved installation of integral building fixtures. The statistics include all approved residential building valued at $10,000 or more and all approved non-residential building valued at $50,000 or more.<br/><br/>\n\nFor more information please visit the <a href=\"https://www.abs.gov.au/AUSSTATS/abs@.nsf/Lookup/8731.0Explanatory%20Notes1Jun%202018?OpenDocument\" target=\"_blank\">Australian Bureau of Statistics (ABS) Explanatory Notes</a>.<br/><br/> <ul>\n<li>SUDO has spatially enabled the original data from the ABS.</li>\n<li>The data has been sourced from the June 2018 release.</li>\n<li>Data for the Northern Territory during the months of January, February and March 2017 were kept confidential.</li>\n</ul>","selectedAttributes":[{"name":"sa4_code","type":"String","title":"SA4 Code","description":"SA4 Code.","stype":"nominal","isDimension":false},{"name":"new_houses_num","type":"Integer","title":"Number of New Houses","description":"New houses.","stype":"ratio","isDimension":false},{"name":"new_oth_resial_building_num","type":"Integer","title":"Number of New Other Residential Buildings","description":"New other residential building.","stype":"ratio","isDimension":false},{"name":"sa4_name","type":"String","title":"SA4 Name","description":"SA4 Name.","stype":"nominal","isDimension":false},{"name":"tot_dwl_num","type":"Integer","title":"Total Dwelling Number","description":"Total dwellings.","stype":"ratio","isDimension":false},{"name":"value_alterations_additions_conversions_resial_building_aud000","type":"Double","title":"Value of Alterations ($000)","description":"Value of alterations and additions including conversions to residential building.","stype":"ratio","isDimension":false},{"name":"value_new_houses_aud000","type":"Double","title":"Value of New Houses ($000)","description":"Value of new houses.","stype":"ratio","isDimension":false},{"name":"value_new_oth_resial_building_aud000","type":"Double","title":"Value of New Other Residential Building ($000)","description":"Value of new other residential building.","stype":"ratio","isDimension":false},{"name":"value_non_resial_building_aud000","type":"Double","title":"Value of Non-Residential Building ($000)","description":"Value of non-residential building.","stype":"ratio","isDimension":false},{"name":"value_tot_building_aud000","type":"Double","title":"Value of Total Buildings ($000)","description":"Value of total building.","stype":"ratio","isDimension":false},{"name":"value_tot_resial_building_aud000","type":"Double","title":"Value of Total Residential Buildings ($000)","description":"Value of total residential building.","stype":"ratio","isDimension":false}],"filter":{"filterType":"tabular","feature":{"key":"sa4_code","geoLevel":"sa4_2016","geoField":"ignored","year":"2006","featureBbox":[96.81676569599999,-43.740509603,159.109219008,-9.142175977],"featureType":"country","featureInstance":"au","featureName":"Australia","referenceSystemIdentifier":"urn:x-ogc:def:crs:EPSG:4283","prefix":"","keyTransform":null},"states":[]}}