grss_cptl_gns_rprtd_txpyrs_yr_endd_30_jne_by_mn, estimates_personal_income_year_ended_30_june_median_investment, ttl_prsnl_incme_wkly_prsns_agd_15_yrs_cnss_ernng_3000_pr_wk_pc, estimates_personal_income_year_ended_30_june_median_employee, sa4_code_2016, estm_prsnl_incme_yr_end_30_jne_tl_excl_gvrnmt_pns_alwncs_gni_cf, estimates_personal_income_year_ended_30_june_mean_investment, tl_prsnl_incme_wkly_prsn_agd_15_yrs_cns_erng_2000_2999_pr_wk_pc, yr, tl_prsnl_incme_wkly_prsn_agd_15_yrs_cns_erng_1000_1999_pr_wk_pc, estimates_personal_income_year_ended_30_june_mean_employee, ttl_prsnl_incme_wkly_prsns_agd_15_yrs_cnss_ernng_1_499_pr_wk_pc, sa4_name_2016, tl_prsnl_incme_wkly_prsn_agd_15_yrs_cns_erng_500_999_pr_wk_pc, grss_cptl_gns_rprtd_txpyrs_yr_endd_30_jne_by_mdn
44872,null,null,null,"101",null,null,null,2018,null,null,null,"Capital Region",null,5332
55665,null,null,null,"102",null,null,null,2018,null,null,null,"Central Coast",null,4192
40569,null,null,null,"103",null,null,null,2018,null,null,null,"Central West",null,3806
34165,null,null,null,"104",null,null,null,2018,null,null,null,"Coffs Harbour - Grafton",null,4074
38209,null,null,null,"105",null,null,null,2018,null,null,null,"Far West and Orana",null,3519
38096,null,null,null,"106",null,null,null,2018,null,null,null,"Hunter Valley exc Newcastle",null,4450
41703,null,null,null,"107",null,null,null,2018,null,null,null,"Illawarra",null,3812
38222,null,null,null,"108",null,null,null,2018,null,null,null,"Mid North Coast",null,4708
56129,null,null,null,"109",null,null,null,2018,null,null,null,"Murray",null,3491
49667,null,null,null,"110",null,null,null,2018,null,null,null,"New England and North West",null,3680
36707,null,null,null,"111",null,null,null,2018,null,null,null,"Newcastle and Lake Macquarie",null,4140
44387,null,null,null,"112",null,null,null,2018,null,null,null,"Richmond - Tweed",null,4920
43523,null,null,null,"113",null,null,null,2018,null,null,null,"Riverina",null,3430
63446,null,null,null,"114",null,null,null,2018,null,null,null,"Southern Highlands and Shoalhaven",null,5613
50844,null,null,null,"115",null,null,null,2018,null,null,null,"Sydney - Baulkham Hills and Hawkesbury",null,4199
33658,null,null,null,"116",null,null,null,2018,null,null,null,"Sydney - Blacktown",null,3262
64013,null,null,null,"117",null,null,null,2018,null,null,null,"Sydney - City and Inner South",null,3198
155069,null,null,null,"118",null,null,null,2018,null,null,null,"Sydney - Eastern Suburbs",null,5347
53355,null,null,null,"119",null,null,null,2018,null,null,null,"Sydney - Inner South West",null,3304
53725,null,null,null,"120",null,null,null,2018,null,null,null,"Sydney - Inner West",null,3721
75803,null,null,null,"121",null,null,null,2018,null,null,null,"Sydney - North Sydney and Hornsby",null,4561
93998,null,null,null,"122",null,null,null,2018,null,null,null,"Sydney - Northern Beaches",null,4500
48923,null,null,null,"123",null,null,null,2018,null,null,null,"Sydney - Outer South West",null,4334
58450,null,null,null,"124",null,null,null,2018,null,null,null,"Sydney - Outer West and Blue Mountains",null,3827
34730,null,null,null,"125",null,null,null,2018,null,null,null,"Sydney - Parramatta",null,3054
104799,null,null,null,"126",null,null,null,2018,null,null,null,"Sydney - Ryde",null,3636
48049,null,null,null,"127",null,null,null,2018,null,null,null,"Sydney - South West",null,4296
56999,null,null,null,"128",null,null,null,2018,null,null,null,"Sydney - Sutherland",null,3744
36352,null,null,null,"201",null,null,null,2018,null,null,null,"Ballarat",null,3819
35442,null,null,null,"202",null,null,null,2018,null,null,null,"Bendigo",null,3826
66344,null,null,null,"203",null,null,null,2018,null,null,null,"Geelong",null,4335
40716,null,null,null,"204",null,null,null,2018,null,null,null,"Hume",null,3752
35976,null,null,null,"205",null,null,null,2018,null,null,null,"Latrobe - Gippsland",null,4100
116582,null,null,null,"206",null,null,null,2018,null,null,null,"Melbourne - Inner",null,3790
65730,null,null,null,"207",null,null,null,2018,null,null,null,"Melbourne - Inner East",null,4314
79544,null,null,null,"208",null,null,null,2018,null,null,null,"Melbourne - Inner South",null,4171
45700,null,null,null,"209",null,null,null,2018,null,null,null,"Melbourne - North East",null,3574
47046,null,null,null,"210",null,null,null,2018,null,null,null,"Melbourne - North West",null,4197
43078,null,null,null,"211",null,null,null,2018,null,null,null,"Melbourne - Outer East",null,3298
52935,null,null,null,"212",null,null,null,2018,null,null,null,"Melbourne - South East",null,4277
46605,null,null,null,"213",null,null,null,2018,null,null,null,"Melbourne - West",null,4440
96279,null,null,null,"214",null,null,null,2018,null,null,null,"Mornington Peninsula",null,5048
36865,null,null,null,"215",null,null,null,2018,null,null,null,"North West",null,2824
30908,null,null,null,"216",null,null,null,2018,null,null,null,"Shepparton",null,3439
33159,null,null,null,"217",null,null,null,2018,null,null,null,"Warrnambool and South West",null,3088
35510,null,null,null,"301",null,null,null,2018,null,null,null,"Brisbane - East",null,3466
25916,null,null,null,"302",null,null,null,2018,null,null,null,"Brisbane - North",null,2775
29112,null,null,null,"303",null,null,null,2018,null,null,null,"Brisbane - South",null,2902
47303,null,null,null,"304",null,null,null,2018,null,null,null,"Brisbane - West",null,3585
69032,null,null,null,"305",null,null,null,2018,null,null,null,"Brisbane Inner City",null,4026
37229,null,null,null,"306",null,null,null,2018,null,null,null,"Cairns",null,3144
46675,null,null,null,"307",null,null,null,2018,null,null,null,"Darling Downs - Maranoa",null,2998
25743,null,null,null,"308",null,null,null,2018,null,null,null,"Central Queensland",null,2752
57828,null,null,null,"309",null,null,null,2018,null,null,null,"Gold Coast",null,4802
21114,null,null,null,"310",null,null,null,2018,null,null,null,"Ipswich",null,2840
29309,null,null,null,"311",null,null,null,2018,null,null,null,"Logan - Beaudesert",null,3233
29333,null,null,null,"312",null,null,null,2018,null,null,null,"Mackay - Isaac - Whitsunday",null,3190
31571,null,null,null,"313",null,null,null,2018,null,null,null,"Moreton Bay - North",null,3996
21680,null,null,null,"314",null,null,null,2018,null,null,null,"Moreton Bay - South",null,2680
31742,null,null,null,"315",null,null,null,2018,null,null,null,"Queensland - Outback",null,2804
44851,null,null,null,"316",null,null,null,2018,null,null,null,"Sunshine Coast",null,4278
48537,null,null,null,"317",null,null,null,2018,null,null,null,"Toowoomba",null,2830
26375,null,null,null,"318",null,null,null,2018,null,null,null,"Townsville",null,2645
25075,null,null,null,"319",null,null,null,2018,null,null,null,"Wide Bay",null,3198
40947,null,null,null,"401",null,null,null,2018,null,null,null,"Adelaide - Central and Hills",null,3967
19924,null,null,null,"402",null,null,null,2018,null,null,null,"Adelaide - North",null,2895
27821,null,null,null,"403",null,null,null,2018,null,null,null,"Adelaide - South",null,3067
30923,null,null,null,"404",null,null,null,2018,null,null,null,"Adelaide - West",null,3004
26652,null,null,null,"405",null,null,null,2018,null,null,null,"Barossa - Yorke - Mid North",null,2875
22510,null,null,null,"406",null,null,null,2018,null,null,null,"South Australia - Outback",null,2597
41248,null,null,null,"407",null,null,null,2018,null,null,null,"South Australia - South East",null,3318
36912,null,null,null,"501",null,null,null,2018,null,null,null,"Bunbury",null,3128
27680,null,null,null,"502",null,null,null,2018,null,null,null,"Mandurah",null,3245
68483,null,null,null,"503",null,null,null,2018,null,null,null,"Perth - Inner",null,5389
27217,null,null,null,"504",null,null,null,2018,null,null,null,"Perth - North East",null,3037
29486,null,null,null,"505",null,null,null,2018,null,null,null,"Perth - North West",null,3086
32416,null,null,null,"506",null,null,null,2018,null,null,null,"Perth - South East",null,2760
40047,null,null,null,"507",null,null,null,2018,null,null,null,"Perth - South West",null,3227
34324,null,null,null,"509",null,null,null,2018,null,null,null,"Western Australia - Wheat Belt",null,2725
20197,null,null,null,"510",null,null,null,2018,null,null,null,"Western Australia - Outback (North)",null,3089
29878,null,null,null,"511",null,null,null,2018,null,null,null,"Western Australia - Outback (South)",null,2296
47147,null,null,null,"601",null,null,null,2018,null,null,null,"Hobart",null,3978
39553,null,null,null,"602",null,null,null,2018,null,null,null,"Launceston and North East",null,4564
37152,null,null,null,"603",null,null,null,2018,null,null,null,"South East",null,7588
39294,null,null,null,"604",null,null,null,2018,null,null,null,"West and North West",null,3316
31282,null,null,null,"701",null,null,null,2018,null,null,null,"Darwin",null,2983
34622,null,null,null,"702",null,null,null,2018,null,null,null,"Northern Territory - Outback",null,3283
32826,null,null,null,"801",null,null,null,2018,null,null,null,"Australian Capital Territory",null,3114
12740,null,null,null,"901",null,null,null,2018,null,null,null,"Other Territories",null,2621
