{"organisation":"AU_Govt_ABS_Census","name":"abs_2021census_g02_aust_sa4","title":"SA4-G02 Selected Medians and Averages","legal":{"attribution":"{datasource.organisationTitle}, ({dataset.attributionYear}): {dataset.title}; accessed from SUDO on {dateOfAccess}.","attributionYear":"2022","clickthrough":false,"copyrightNotice":"&copy; Commonwealth of Australia (Australian Bureau of Statistics) {dataset.copyrightYear}","copyrightYear":"2022","licenceType":"Creative Commons Attribution 2.5 Australia (CC BY 2.5 AU)"},"referenceSystemIdentifier":"urn:x-ogc:def:crs:EPSG:4283","geoLevel":"sa4_2021","key":"sa4_code_2021","keyRegex":null,"availability":"true","geomField":"wkb_geometry","keyword":"census","theme":null,"temporalExtent":{"beginDate":"2021-01-01T00:00:00","endDate":"2021-12-31T00:00:00","selectTime":false},"type":"dataset","_id":"dataset-AU_Govt_ABS_Census-2021-G02-aust_SA4-SA4","bbox":[96.81676569599999,-43.740509603,159.109219008,-9.142175977],"abstract":"Selected Medians and Averages","selectedAttributes":[{"name":"sa4_code_2021","type":"String","title":"sa4_code_2021","description":"SA4","stype":"nominal","isDimension":false},{"name":"median_age_persons","type":"Float","title":"Median_age_of_persons","description":"Median age of persons","stype":"ratio","isDimension":false},{"name":"median_mortgage_repay_monthly","type":"Integer","title":"Median_mortgage_repayment_monthly","description":"Median mortgage repayment ($/monthly)","stype":"ratio","isDimension":false},{"name":"median_tot_prsnl_inc_weekly","type":"Integer","title":"Median_total_personal_income_weekly","description":"Median total personal income ($/weekly)","stype":"ratio","isDimension":false},{"name":"median_rent_weekly","type":"Integer","title":"Median_rent_weekly","description":"Median rent ($/weekly)","stype":"ratio","isDimension":false},{"name":"median_tot_fam_inc_weekly","type":"Integer","title":"Median_total_family_income_weekly","description":"Median total family income ($/weekly)","stype":"ratio","isDimension":false},{"name":"average_num_psns_per_bedroom","type":"Float","title":"Average_number_of_Persons_per_bedroom","description":"Average number of persons per bedroom","stype":"ratio","isDimension":false},{"name":"median_tot_hhd_inc_weekly","type":"Integer","title":"Median_total_household_income_weekly","description":"Median total household income ($/weekly)","stype":"ratio","isDimension":false},{"name":"average_household_size","type":"Float","title":"Average_household_size","description":"Average household size","stype":"ratio","isDimension":false}],"filter":{"filterType":"tabular","feature":{"key":"sa4_code_2021","geoLevel":"sa4_2021","geoField":"ignored","year":"2006","featureBbox":[96.81676569599999,-43.740509603,159.109219008,-9.142175977],"featureType":"country","featureInstance":"au","featureName":"Australia","referenceSystemIdentifier":"urn:x-ogc:def:crs:EPSG:4283","prefix":"","keyTransform":null},"states":[]}}