{"organisation":"AU_Govt_ABS_Census","name":"abs_2021census_t02_aust_sa4","title":"SA4-T02 Selected Medians and Averages","legal":{"attribution":"{datasource.organisationTitle}, ({dataset.attributionYear}): {dataset.title}; accessed from SUDO on {dateOfAccess}.","attributionYear":"2022","clickthrough":false,"copyrightNotice":"&copy; Commonwealth of Australia (Australian Bureau of Statistics) {dataset.copyrightYear}","copyrightYear":"2022","licenceType":"Creative Commons Attribution 2.5 Australia (CC BY 2.5 AU)"},"referenceSystemIdentifier":"urn:x-ogc:def:crs:EPSG:4283","geoLevel":"sa4_2021","key":"sa4_code_2021","keyRegex":null,"availability":"true","geomField":"wkb_geometry","keyword":"census","theme":null,"temporalExtent":{"beginDate":"2021-01-01T00:00:00","endDate":"2021-12-31T00:00:00","selectTime":false},"type":"dataset","_id":"dataset-AU_Govt_ABS_Census-2021-T02-aust_SA4-SA4","bbox":[96.81676569599999,-43.740509603,159.109219008,-9.142175977],"abstract":"Selected Medians and Averages","selectedAttributes":[{"name":"sa4_code_2021","type":"String","title":"sa4_code_2021","description":"SA4","stype":"nominal","isDimension":false},{"name":"med_age_persns_c2011","type":"Float","title":"Median_age_of_persons_Census_year_2011","description":"Censusyear:2011","stype":"ratio","isDimension":false},{"name":"med_age_persns_c2016","type":"Float","title":"Median_age_of_persons_Census_year_2016","description":"Censusyear:2016","stype":"ratio","isDimension":false},{"name":"med_age_persns_c2021","type":"Float","title":"Median_age_of_persons_Census_year_2021","description":"Censusyear:2021","stype":"ratio","isDimension":false},{"name":"med_mortg_rep_mon_c2011","type":"Integer","title":"Median_mortgage_repayment_monthly_Census_year_2011","description":"Censusyear:2011","stype":"ratio","isDimension":false},{"name":"med_mortg_rep_mon_c2016","type":"Integer","title":"Median_mortgage_repayment_monthly_Census_year_2016","description":"Censusyear:2016","stype":"ratio","isDimension":false},{"name":"med_mortg_rep_mon_c2021","type":"Integer","title":"Median_mortgage_repayment_monthly_Census_year_2021","description":"Censusyear:2021","stype":"ratio","isDimension":false},{"name":"med_person_inc_we_c2011","type":"Float","title":"Median_total_personal_income_weekly_Census_year_2011","description":"Censusyear:2011","stype":"ratio","isDimension":false},{"name":"med_person_inc_we_c2016","type":"Float","title":"Median_total_personal_income_weekly_Census_year_2016","description":"Censusyear:2016","stype":"ratio","isDimension":false},{"name":"med_person_inc_we_c2021","type":"Float","title":"Median_total_personal_income_weekly_Census_year_2021","description":"Censusyear:2021","stype":"ratio","isDimension":false},{"name":"med_rent_weekly_c2011","type":"Integer","title":"Median_rent_weekly_Census_year_2011","description":"Censusyear:2011","stype":"ratio","isDimension":false},{"name":"med_rent_weekly_c2016","type":"Integer","title":"Median_rent_weekly_Census_year_2016","description":"Censusyear:2016","stype":"ratio","isDimension":false},{"name":"med_rent_weekly_c2021","type":"Integer","title":"Median_rent_weekly_Census_year_2021","description":"Censusyear:2021","stype":"ratio","isDimension":false},{"name":"med_famly_inc_we_c2011","type":"Integer","title":"Median_total_family_income_weekly_Census_year_2011","description":"Censusyear:2011","stype":"ratio","isDimension":false},{"name":"med_famly_inc_we_c2016","type":"Integer","title":"Median_total_family_income_weekly_Census_year_2016","description":"Censusyear:2016","stype":"ratio","isDimension":false},{"name":"med_famly_inc_we_c2021","type":"Integer","title":"Median_total_family_income_weekly_Census_year_2021","description":"Censusyear:2021","stype":"ratio","isDimension":false},{"name":"avg_num_p_per_brm_c2011","type":"Float","title":"Average_number_of_persons_per_bedroom_Census_year_2011","description":"Censusyear:2011","stype":"ratio","isDimension":false},{"name":"avg_num_p_per_brm_c2016","type":"Float","title":"Average_number_of_persons_per_bedroom_Census_year_2016","description":"Censusyear:2016","stype":"ratio","isDimension":false},{"name":"avg_num_p_per_brm_c2021","type":"Float","title":"Average_number_of_persons_per_bedroom_Census_year_2021","description":"Censusyear:2021","stype":"ratio","isDimension":false},{"name":"med_tot_hh_inc_wee_c2011","type":"Integer","title":"Median_total_household_income_weekly_Census_year_2011","description":"Censusyear:2011","stype":"ratio","isDimension":false},{"name":"med_tot_hh_inc_wee_c2016","type":"Integer","title":"Median_total_household_income_weekly_Census_year_2016","description":"Censusyear:2016","stype":"ratio","isDimension":false},{"name":"med_tot_hh_inc_wee_c2021","type":"Integer","title":"Median_total_household_income_weekly_Census_year_2021","description":"Censusyear:2021","stype":"ratio","isDimension":false},{"name":"average_hh_size_c2011","type":"Float","title":"Average_household_size_Census_year_2011","description":"Censusyear:2011","stype":"ratio","isDimension":false},{"name":"average_hh_size_c2016","type":"Float","title":"Average_household_size_Census_year_2016","description":"Censusyear:2016","stype":"ratio","isDimension":false},{"name":"average_hh_size_c2021","type":"Float","title":"Average_household_size_Census_year_2021","description":"Censusyear:2021","stype":"ratio","isDimension":false}],"filter":{"filterType":"tabular","feature":{"key":"sa4_code_2021","geoLevel":"sa4_2021","geoField":"ignored","year":"2006","featureBbox":[96.81676569599999,-43.740509603,159.109219008,-9.142175977],"featureType":"country","featureInstance":"au","featureName":"Australia","referenceSystemIdentifier":"urn:x-ogc:def:crs:EPSG:4283","prefix":"","keyTransform":null},"states":[]}}