{"organisation":"AU_Govt_ABS","name":"abs_data_by_region_economy_and_industry_asgs_sa4_2011_2019","title":"ABS - Data by Region - Economy & Industry (SA4) 2011-2019","legal":{"copyrightYear":"2020","attributionYear":"2020","attribution":"{datasource.organisationTitle}, ({dataset.attributionYear}): {dataset.title}; accessed from SUDO on {dateOfAccess}.","clickthrough":false,"licenceType":"Creative Commons Attribution 4.0 International (CC BY 4.0)","copyrightNotice":"&copy; {datasource.organisationTitle} {dataset.copyrightYear}"},"referenceSystemIdentifier":"urn:x-ogc:def:crs:EPSG:4283","geoLevel":"sa4_2016","key":"sa4_code_2016","keyRegex":null,"availability":"true","geomField":"geometry","keyword":"Economic,Industry","theme":"","temporalExtent":{"beginDate":"2011-01-01T00:00:00","endDate":"2019-12-31T00:00:00","selectTime":false},"type":"dataset","_id":"dataset-AU_Govt_ABS-abs_data_by_region_economy_and_industry_asgs_sa4_2011_2019-sa4_2016","bbox":[96.8169413940001,-43.740509603,167.998034996,-9.14217597699997],"abstract":"This dataset presents data on economy and industry available from the ABS Data by Region statistics. This release of Data by Region presents various data for 2011-2019 and Census of Population and Housing data for 2011 and 2016 and is based on the Statistical Area 4 (SA4) 2016 boundaries. The dataset includes information in the following specified areas of economy and industry: Business Entries and Exists, Buildings Approvals, Residential Property Prices, Mean Household Net Worth, Patent and Trademark Applications, Insolvencies, Motor Vehicle Census, Tourist Accommodation Establishments, Agricultural Commodities, Gross Value of Agricultural Production and Industry of Employment.<br/><br/>\n\nData by Region contains a standard set of data for each region type, depending on the availability of statistics for particular geographies. Data are sourced from a wide variety of collections, both ABS and non-ABS. When analysing these statistics, care needs to be taken as time periods, definitions, methodologies, scope and coverage can differ across collections. Where available, data have been presented as a time series - to enable users to assess changes over time. However, when looked at on a period to period basis, some series may sometimes appear volatile. When analysing the data, users are encouraged to consider the longer term behaviour of the series, where this extra information is available.<br/><br/>\n\nFor more information please visit the <a href=\"https://www.abs.gov.au/AUSSTATS/abs@.nsf/Lookup/1410.0Explanatory%20Notes12014-19?OpenDocument\" target=\"_blank\">Explanatory Notes</a>.<br/><br/> SUDO has made the following changes to the original data:\n<ul><li>Spatially enabled the <a href=\"https://www.abs.gov.au/AUSSTATS/abs@.nsf/DetailsPage/1410.02014-19?OpenDocument\" target=\"_blank\">original data</a> with the <a href=\"https://www.abs.gov.au/AUSSTATS/abs@.nsf/Lookup/1270.0.55.001Main+Features10018July%202016?OpenDocument\" target=\"_blank\">ABS Australian Statistical Geography Standard (ASGS) SA4 2016 dataset</a>.</li><li>Some data values in Data by Region have been randomly adjusted or suppressed to avoid the release of confidential details.</li><li>Where data was not available, not available for publication, nil or rounded to zero in the original data, it has been set to null.</li><li>Columns and rows that did not contain any values in the original data have been removed.</li></ul>","selectedAttributes":[{"name":"yr","type":"Integer","title":"Year","description":"Year.","stype":"nominal","categories":[{"key":"2011","label":"2011"},{"key":"2014","label":"2014"},{"key":"2015","label":"2015"},{"key":"2016","label":"2016"},{"key":"2017","label":"2017"},{"key":"2018","label":"2018"},{"key":"2019","label":"2019"}],"filterValue":"2015","isDimension":true},{"name":"sa4_code_2016","type":"String","title":"SA4 Code","description":"SA4 Code (ASGS 2016).","stype":"nominal","isDimension":false},{"name":"bldng_apprvls_yr_endd_30_jne_prvte_sctr_dwllngs_excldng_hss_nm","type":"Integer","title":"Building Approvals - Year ended 30 June Private sector dwellings excluding houses (no.)","description":"Building Approvals - Year ended 30 June Private sector dwellings excluding houses (no.).","stype":"nominal","isDimension":false},{"name":"bldng_apprvls_yr_endd_30_jne_ttl_prvte_sctr_dwllng_unts_nm","type":"Integer","title":"Building Approvals - Year ended 30 June Total private sector dwelling units (no.)","description":"Building Approvals - Year ended 30 June Total private sector dwelling units (no.).","stype":"nominal","isDimension":false},{"name":"bldng_apprvls_yr_endd_30_jne_ttl_vle_prvte_sctr_dwllng_unts_m","type":"Integer","title":"Building Approvals - Year ended 30 June Total value of private sector dwelling units ($m)","description":"Building Approvals - Year ended 30 June Total value of private sector dwelling units ($m).","stype":"nominal","isDimension":false},{"name":"bldng_apprvls_yr_endd_30_jne_vle_prvte_sctr_hss_m","type":"Integer","title":"Building Approvals - Year ended 30 June Value of private sector houses ($m)","description":"Building Approvals - Year ended 30 June Value of private sector houses ($m).","stype":"nominal","isDimension":false},{"name":"bldng_aprvls_yr_end_30_jne_vle_prvte_sctr_dwlngs_excldng_hs_m","type":"Integer","title":"Building Approvals - Year ended 30 June Value of private sector dwellings excluding houses ($m)","description":"Building Approvals - Year ended 30 June Value of private sector dwellings excluding houses ($m).","stype":"nominal","isDimension":false},{"name":"building_approvals_year_ended_30_june_private_sector_houses_num","type":"Integer","title":"Building Approvals - Year ended 30 June Private sector houses (no.)","description":"Building Approvals - Year ended 30 June Private sector houses (no.).","stype":"nominal","isDimension":false},{"name":"building_approvals_year_ended_30_june_value_residential_m","type":"Integer","title":"Building Approvals - Year ended 30 June Value of residential building ($m)","description":"Building Approvals - Year ended 30 June Value of residential building ($m).","stype":"nominal","isDimension":false},{"name":"building_approvals_year_ended_30_june_total_dwelling_units_num","type":"Integer","title":"Building Approvals - Year ended 30 June Total dwelling units (no.)","description":"Building Approvals - Year ended 30 June Total dwelling units (no.).","stype":"nominal","isDimension":false},{"name":"rsdntl_prprty_prcs_yr_endd_30_jne_attchd_dwllngs_mdn_sle_prce","type":"Integer","title":"Residential Property Prices - Year ended 30 June Attached Dwellings - median sale price ($)","description":"Residential Property Prices - Year ended 30 June Attached Dwellings - median sale price ($).","stype":"nominal","isDimension":false},{"name":"rsdntl_prprty_prcs_yr_endd_30_jne_hss_mdn_sle_prce","type":"Integer","title":"Residential Property Prices - Year ended 30 June Houses - median sale price ($)","description":"Residential Property Prices - Year ended 30 June Houses - median sale price ($).","stype":"nominal","isDimension":false},{"name":"rsdntl_prprty_prcs_yr_endd_30_jne_hss_nmbr_trnsfrs_nm","type":"Integer","title":"Residential Property Prices - Year ended 30 June Houses - number of transfers (no.)","description":"Residential Property Prices - Year ended 30 June Houses - number of transfers (no.).","stype":"nominal","isDimension":false},{"name":"rsdntl_prty_prcs_yr_end_30_jne_atchd_dwlngs_nmbr_trnsf_nm","type":"Integer","title":"Residential Property Prices - Year ended 30 June Attached Dwellings - number of transfers (no.)","description":"Residential Property Prices - Year ended 30 June Attached Dwellings - number of transfers (no.).","stype":"nominal","isDimension":false},{"name":"sa4_name_2016","type":"String","title":"SA4 Name","description":"SA4 Name (ASGS 2016).","stype":"nominal","isDimension":false}],"filter":{"filterType":"tabular","where":"(yr IN ('2015'))","feature":{"key":"sa4_code_2016","geoLevel":"sa4_2016","geoField":"ignored","year":"2006","featureBbox":[96.81676569599999,-43.740509603,159.109219008,-9.142175977],"featureType":"country","featureInstance":"au","featureName":"Australia","referenceSystemIdentifier":"urn:x-ogc:def:crs:EPSG:4283","prefix":"","keyTransform":null},"states":[]}}