{"organisation":"AU_Govt_ABS_Census","name":"b02_aust_sa4","title":"SA4-based B02 Selected Medians and Averages as at 2011-08-11","legal":{"attribution":"{datasource.organisationTitle}, ({dataset.attributionYear}): {dataset.title}; accessed from SUDO on {dateOfAccess}.","attributionYear":"2011","clickthrough":false,"copyrightNotice":"&copy; Commonwealth of Australia (Australian Bureau of Statistics) {dataset.copyrightYear}","copyrightYear":"2011","licenceType":"Creative Commons Attribution 2.5 Australia (CC BY 2.5 AU)"},"referenceSystemIdentifier":"urn:x-ogc:def:crs:EPSG:4283","geoLevel":"sa4","key":"SA4_MAIN11","keyRegex":null,"availability":"true","geomField":"wkb_geometry","keyword":"medians, averages","theme":null,"temporalExtent":{"beginDate":"2011-01-01T00:00:00","endDate":"2011-12-31T00:00:00","selectTime":false},"type":"dataset","_id":"dataset-AU_Govt_ABS_Census-b02_aust_sa4-sa4","bbox":[96.81676569599999,-43.740509603,159.109219008,-9.142175977],"abstract":"SA4 based data for Selected Medians and Averages, for 2011 Census. Median Age, $/week, $/Month, Number. Data sourced from: <a href='http://www.abs.gov.au/census' target=\"_blank\">http://www.abs.gov.au/census</a>. For further information about these and related statistics, contact the National Information and Referral Services on 1300 135 070. Periodicity: 5-Yearly.","selectedAttributes":[{"name":"SA4_MAIN11","type":"String","title":"SA4 Code","description":"Statistical Area Level 4 (SA4) Code.","stype":"nominal","isDimension":false},{"name":"Average_num_psns_per_bedroom","type":"Double","title":"Average number of Persons per bedroom","description":"Average number of Persons per bedroom.","stype":"ratio","isDimension":false},{"name":"Average_household_size","type":"Double","title":"Average household size","description":"Average household size.","stype":"ratio","isDimension":false},{"name":"Median_age_persons","type":"Integer","title":"Median age of persons","description":"Median age of persons.","stype":"ratio","isDimension":false},{"name":"Median_mortgage_repay_monthly","type":"Integer","title":"Median mortgage repayment monthly","description":"Median mortgage repayment monthly.","stype":"ratio","isDimension":false},{"name":"Median_rent_weekly","type":"Integer","title":"Median rent weekly","description":"Median rent weekly.","stype":"ratio","isDimension":false},{"name":"Median_Tot_fam_inc_weekly","type":"Integer","title":"Median total family income weekly","description":"Median total family income weekly.","stype":"ratio","isDimension":false},{"name":"Median_Tot_hhd_inc_weekly","type":"Integer","title":"Median total household income weekly","description":"Median total household income weekly.","stype":"ratio","isDimension":false},{"name":"Median_Tot_prsnl_inc_weekly","type":"Integer","title":"Median total personal income weekly","description":"Median total personal income weekly.","stype":"ratio","isDimension":false},{"name":"SA4_NAME11","type":"String","title":"SA4 Name","description":"Statistical Area Level 4 (SA4) Name.","stype":"nominal","isDimension":false}],"filter":{"filterType":"tabular","feature":{"key":"SA4_MAIN11","geoLevel":"sa4","geoField":"ignored","year":"2006","featureBbox":[96.81676569599999,-43.740509603,159.109219008,-9.142175977],"featureType":"country","featureInstance":"au","featureName":"Australia","referenceSystemIdentifier":"urn:x-ogc:def:crs:EPSG:4283","prefix":"","keyTransform":null},"states":[]}}