{"organisation":"AU_Govt_ABS","name":"sa4_nrp_economy_2010_2014","title":"SA4 Economy - National Regional Profile 2010-2014","legal":{"attribution":"{datasource.organisationTitle}, ({dataset.attributionYear}): {dataset.title}; accessed from SUDO on {dateOfAccess}.","attributionYear":"2016","clickthrough":false,"copyrightNotice":"&copy; {datasource.organisationTitle} {dataset.copyrightYear}","copyrightYear":"2016","licenceType":"Creative Commons Attribution 2.5 Australia (CC BY 2.5 AU)"},"referenceSystemIdentifier":"urn:x-ogc:def:crs:EPSG:4283","geoLevel":"sa4","key":"sa4_code","keyRegex":null,"availability":"true","geomField":"wkb_geometry","keyword":"income,Economy,abs aggregation,nrp,business,aus,property,employment,2010-2014,australia,national regional profile","theme":null,"temporalExtent":{"beginDate":"2010-01-01T00:00:00","endDate":"2014-12-31T00:00:00","selectTime":false},"type":"dataset","_id":"dataset-AU_Govt_ABS-sa4_nrp_economy_2010_2014-sa4","bbox":[96.81,-43.75,159.11,-9.14],"abstract":"This dataset contains National Regional Profile (NRP) data on Economy at SA4 level for 2010-2014. The data uses 2011 ABS ASGS boundaries. <br/>\n\nThe NRP is designed for users interested in the socio-economic and environmental characteristics of regions - and in comparisons with similar geographies across Australia. Data are arranged under the broad themes/topics of Economy, Industry, People, and Energy and Environment. <br/>\n\nPlease note some data are not available for all reference years, for a variety of reasons. For example; there may be conceptual breaks in a data series; the collection frequency may be irregular; some series may have revisions pending; or permission to publish in the NRP may have only been granted recently. In addition, some data series are not available for the full range of geographies. The reasons can include: data owner or custodian preferences; industry identification with a few, particular geographies only; confidentiality protection; and the presence of many suppressed data cells (at smaller geographic levels) thus making true aggregations up to larger ASGS regions difficult. <br/>\n\nThis data is ABS data used with permission from the Australian Bureau of Statistics. Please note National Regional Profile (1379.0.55.001) has been discontinued. For the most recent regional data, please see Data By Region (1410.0). <br/>\n\nFor more information please visit the <a href='http://www.abs.gov.au/ausstats/abs@.nsf/mf/1379.0.55.001' target='_blank'> Australian Bureau of Statistics</a>.","selectedAttributes":[{"name":"year","type":"String","title":"Year","description":"Year.","stype":"ordinal","categories":[{"key":"2010","label":"2010"},{"key":"2011","label":"2011"},{"key":"2012","label":"2012"},{"key":"2013","label":"2013"},{"key":"2014","label":"2014"}],"filterValue":"2013","isDimension":true},{"name":"sa4_code","type":"String","title":"SA4 Code 2011","description":"SA4 Code 2011.","stype":"nominal","isDimension":false},{"name":"sa4_name","type":"String","title":"SA4 Name 2011","description":"SA4 Name 2011.","stype":"nominal","isDimension":false},{"name":"rpp_hse_num_trans","type":"Integer","title":"Residential Property Number of House Transfers","description":"Residential Property Number of House Transfers.","stype":"ratio","isDimension":false},{"name":"rpp_att_dwell_num_trans","type":"Integer","title":"Residential Property Number of Attached Dwelling Transfers","description":"Residential Property Number of Attached Dwelling Transfers.","stype":"ratio","isDimension":false},{"name":"rpp_hse_med_sal_prc_aud","type":"Integer","title":"Residential Property Median House Sale Price ($)","description":"Residential Property Median House Sale Price ($).","stype":"ratio","isDimension":false},{"name":"rpp_att_dwell_med_sal_prc_aud","type":"Integer","title":"Residential Property Median Attached Dwelling Sale Price ($)","description":"Residential Property Median Attached Dwelling Sale Price ($).","stype":"ratio","isDimension":false}],"filter":{"filterType":"tabular","where":"(year IN ('2013'))","feature":{"key":"sa4_code","geoLevel":"sa4","geoField":"ignored","year":"2006","featureBbox":[96.81676569599999,-43.740509603,159.109219008,-9.142175977],"featureType":"country","featureInstance":"au","featureName":"Australia","referenceSystemIdentifier":"urn:x-ogc:def:crs:EPSG:4283","prefix":"","keyTransform":null},"states":[]}}